"SLOVENIJA";"굢ipendije - SKUPAJ";"Vrsta 뚒ipendije - SKUPAJ";54256;24618;29638;-;60352;27009;33343;-;61193;27151;34042;-;67143;29712;37431;-;41815;17113;24702;-;39578;16311;23256;11;57088;25492;31596;-
"SLOVENIJA";"굢ipendije - SKUPAJ";"Kadrovske 뚒ipendije - Skupaj";7160;4812;2348;-;6531;4410;2121;-;5605;3717;1888;-;4704;3093;1611;-;4049;2759;1290;-;3746;2517;1229;-;3281;2181;1100;-
"SLOVENIJA";"굢ipendije - SKUPAJ";"Kadrovske 뚒ipendije sofinancirane posredno";1284;1097;187;-;1341;1103;238;-;1251;1017;234;-;1211;946;265;-;1160;898;262;-;1136;862;274;-;1004;743;261;-
"SLOVENIJA";"굢ipendije - SKUPAJ";"Kadrovske 뚒ipendije sofinancirane neposredno";428;342;86;-;849;704;145;-;707;579;128;-;408;325;83;-;790;612;178;-;670;521;149;-;381;283;98;-
"SLOVENIJA";"굢ipendije - SKUPAJ";"Kadrovske 뚒ipendije nesofinancirane";5448;3373;2075;-;4341;2603;1738;-;3647;2121;1526;-;3085;1822;1263;-;2099;1249;850;-;1940;1134;806;-;1896;1155;741;-
"SLOVENIJA";"굢ipendije - SKUPAJ";"Dr료vne 뚒ipendije";33698;14378;19320;-;39609;17141;22468;-;41229;18059;23170;-;49655;21890;27765;-;24407;9628;14779;-;23437;9427;14010;-;44739;19947;24792;-
"SLOVENIJA";"굢ipendije - SKUPAJ";"Zoisove 뚒ipendije";12968;5235;7733;-;14048;5397;8651;-;13131;4961;8170;-;12483;4577;7906;-;11012;3907;7105;-;10507;3698;6809;-;8594;3083;5511;-
"SLOVENIJA";"굢ipendije - SKUPAJ";"굢ipendije za Slovence v zamejstvu in po svetu";27;11;16;-;45;10;35;-;54;14;40;-;69;22;47;-;66;16;50;-;67;20;47;-;75;25;50;-
"SLOVENIJA";"굢ipendije - SKUPAJ";"Druge 뚒ipendije";403;182;221;-;119;51;68;-;1174;400;774;-;232;130;102;-;2281;803;1478;-;1821;649;1161;11;399;256;143;-
"SLOVENIJA";"굢ipendije - SKUPAJ";"Neznano";-;-;-;-;-;-;-;-;-;-;-;-;-;-;-;-;-;-;-;-;-;-;-;-;-;-;-;-
"SLOVENIJA";"Dijaki";"Vrsta 뚒ipendije - SKUPAJ";29889;15063;14826;-;33821;16641;17180;-;33790;16482;17308;-;37715;18285;19430;-;15307;7036;8271;-;14632;6849;7783;-;34260;16647;17613;-
"SLOVENIJA";"Dijaki";"Kadrovske 뚒ipendije - Skupaj";2831;2182;649;-;2464;1904;560;-;2086;1527;559;-;1753;1287;466;-;1632;1217;415;-;1528;1154;374;-;1256;948;308;-
"SLOVENIJA";"Dijaki";"Kadrovske 뚒ipendije sofinancirane posredno";573;523;50;-;536;486;50;-;521;419;102;-;477;418;59;-;480;413;67;-;465;395;70;-;372;317;55;-
"SLOVENIJA";"Dijaki";"Kadrovske 뚒ipendije sofinancirane neposredno";223;187;36;-;357;311;46;-;277;235;42;-;152;122;30;-;322;271;51;-;278;230;48;-;139;120;19;-
"SLOVENIJA";"Dijaki";"Kadrovske 뚒ipendije nesofinancirane";2035;1472;563;-;1571;1107;464;-;1288;873;415;-;1124;747;377;-;830;533;297;-;785;529;256;-;745;511;234;-
"SLOVENIJA";"Dijaki";"Dr료vne 뚒ipendije";21261;10290;10971;-;24864;12130;12734;-;25400;12539;12861;-;29925;14871;15054;-;7976;3892;4084;-;7780;3892;3888;-;28017;13970;14047;-
"SLOVENIJA";"Dijaki";"Zoisove 뚒ipendije";5704;2543;3161;-;6487;2606;3881;-;6288;2410;3878;-;6036;2127;3909;-;5675;1919;3756;-;5324;1803;3521;-;4948;1697;3251;-
"SLOVENIJA";"Dijaki";"굢ipendije za Slovence v zamejstvu in po svetu";-;-;-;-;-;-;-;-;-;-;-;-;-;-;-;-;-;-;-;-;-;-;-;-;-;-;-;-
"SLOVENIJA";"Dijaki";"Druge 뚒ipendije";93;48;45;-;6;1;5;-;16;6;10;-;1;-;1;-;24;8;16;-;-;-;-;-;39;32;7;-
"SLOVENIJA";"Dijaki";"Neznano";-;-;-;-;-;-;-;-;-;-;-;-;-;-;-;-;-;-;-;-;-;-;-;-;-;-;-;-
"SLOVENIJA";"굢udentje";"Vrsta 뚒ipendije - SKUPAJ";24367;9555;14812;-;26528;10366;16162;-;27326;10634;16692;-;29223;11324;17899;-;26412;10045;16367;-;24864;9435;15418;11;22535;8679;13856;-
"SLOVENIJA";"굢udentje";"Kadrovske 뚒ipendije - Skupaj";4329;2630;1699;-;4067;2506;1561;-;3507;2180;1327;-;2949;1806;1143;-;2416;1542;874;-;2216;1362;854;-;2023;1232;791;-
"SLOVENIJA";"굢udentje";"Kadrovske 뚒ipendije sofinancirane posredno";711;574;137;-;805;617;188;-;720;588;132;-;734;528;206;-;680;485;195;-;671;467;204;-;632;426;206;-
"SLOVENIJA";"굢udentje";"Kadrovske 뚒ipendije sofinancirane neposredno";205;155;50;-;492;393;99;-;430;344;86;-;256;203;53;-;467;341;126;-;390;290;100;-;240;162;78;-
"SLOVENIJA";"굢udentje";"Kadrovske 뚒ipendije nesofinancirane";3413;1901;1512;-;2770;1496;1274;-;2357;1248;1109;-;1959;1075;884;-;1269;716;553;-;1155;605;550;-;1151;644;507;-
"SLOVENIJA";"굢udentje";"Dr료vne 뚒ipendije";12437;4088;8349;-;14744;5011;9733;-;15794;5506;10288;-;19577;6935;12642;-;16359;5713;10646;-;15603;5519;10084;-;16608;5931;10677;-
"SLOVENIJA";"굢udentje";"Zoisove 뚒ipendije";7264;2692;4572;-;7560;2790;4770;-;6813;2540;4273;-;6409;2438;3971;-;5314;1979;3335;-;5157;1885;3272;-;3624;1377;2247;-
"SLOVENIJA";"굢udentje";"굢ipendije za Slovence v zamejstvu in po svetu";27;11;16;-;45;10;35;-;54;14;40;-;69;22;47;-;66;16;50;-;67;20;47;-;75;25;50;-
"SLOVENIJA";"굢udentje";"Druge 뚒ipendije";310;134;176;-;112;49;63;-;1158;394;764;-;219;123;96;-;2257;795;1462;-;1821;649;1161;11;205;114;91;-
"SLOVENIJA";"굢udentje";"Neznano";-;-;-;-;-;-;-;-;-;-;-;-;-;-;-;-;-;-;-;-;-;-;-;-;-;-;-;-
"SLOVENIJA";"Neznano";"Vrsta 뚒ipendije - SKUPAJ";-;-;-;-;3;2;1;-;77;35;42;-;205;103;102;-;96;32;64;-;82;27;55;-;293;166;127;-
"SLOVENIJA";"Neznano";"Kadrovske 뚒ipendije - Skupaj";-;-;-;-;-;-;-;-;12;10;2;-;2;-;2;-;1;-;1;-;2;1;1;-;2;1;1;-
"SLOVENIJA";"Neznano";"Kadrovske 뚒ipendije sofinancirane posredno";-;-;-;-;-;-;-;-;10;10;-;-;-;-;-;-;-;-;-;-;-;-;-;-;-;-;-;-
"SLOVENIJA";"Neznano";"Kadrovske 뚒ipendije sofinancirane neposredno";-;-;-;-;-;-;-;-;-;-;-;-;-;-;-;-;1;-;1;-;2;1;1;-;2;1;1;-
"SLOVENIJA";"Neznano";"Kadrovske 뚒ipendije nesofinancirane";-;-;-;-;-;-;-;-;2;-;2;-;2;-;2;-;-;-;-;-;-;-;-;-;-;-;-;-
"SLOVENIJA";"Neznano";"Dr료vne 뚒ipendije";-;-;-;-;1;-;1;-;35;14;21;-;153;84;69;-;72;23;49;-;54;16;38;-;114;46;68;-
"SLOVENIJA";"Neznano";"Zoisove 뚒ipendije";-;-;-;-;1;1;-;-;30;11;19;-;38;12;26;-;23;9;14;-;26;10;16;-;22;9;13;-
"SLOVENIJA";"Neznano";"굢ipendije za Slovence v zamejstvu in po svetu";-;-;-;-;-;-;-;-;-;-;-;-;-;-;-;-;-;-;-;-;-;-;-;-;-;-;-;-
"SLOVENIJA";"Neznano";"Druge 뚒ipendije";-;-;-;-;1;1;-;-;-;-;-;-;12;7;5;-;-;-;-;-;-;-;-;-;155;110;45;-
"SLOVENIJA";"Neznano";"Neznano";-;-;-;-;-;-;-;-;-;-;-;-;-;-;-;-;-;-;-;-;-;-;-;-;-;-;-;-
"Pomurska";"굢ipendije - SKUPAJ";"Vrsta 뚒ipendije - SKUPAJ";4003;1782;2221;-;4570;2040;2530;-;4455;1934;2521;-;4904;2141;2763;-;2914;1156;1758;-;2612;989;1622;1;3905;1669;2236;-
"Pomurska";"굢ipendije - SKUPAJ";"Kadrovske 뚒ipendije - Skupaj";270;172;98;-;286;186;100;-;229;153;76;-;192;130;62;-;172;118;54;-;121;78;43;-;122;80;42;-
"Pomurska";"굢ipendije - SKUPAJ";"Kadrovske 뚒ipendije sofinancirane posredno";138;103;35;-;160;118;42;-;138;106;32;-;115;87;28;-;104;76;28;-;82;55;27;-;77;49;28;-
"Pomurska";"굢ipendije - SKUPAJ";"Kadrovske 뚒ipendije sofinancirane neposredno";11;8;3;-;14;9;5;-;12;9;3;-;3;2;1;-;13;9;4;-;9;5;4;-;9;6;3;-
"Pomurska";"굢ipendije - SKUPAJ";"Kadrovske 뚒ipendije nesofinancirane";121;61;60;-;112;59;53;-;79;38;41;-;74;41;33;-;55;33;22;-;30;18;12;-;36;25;11;-
"Pomurska";"굢ipendije - SKUPAJ";"Dr료vne 뚒ipendije";3118;1366;1752;-;3586;1597;1989;-;3503;1502;2001;-;4049;1777;2272;-;2032;797;1235;-;1833;682;1151;-;3296;1427;1869;-
"Pomurska";"굢ipendije - SKUPAJ";"Zoisove 뚒ipendije";609;242;367;-;691;254;437;-;681;265;416;-;656;231;425;-;605;204;401;-;576;195;381;-;475;154;321;-
"Pomurska";"굢ipendije - SKUPAJ";"굢ipendije za Slovence v zamejstvu in po svetu";1;-;1;-;2;-;2;-;1;-;1;-;-;-;-;-;-;-;-;-;-;-;-;-;-;-;-;-
"Pomurska";"굢ipendije - SKUPAJ";"Druge 뚒ipendije";5;2;3;-;5;3;2;-;41;14;27;-;7;3;4;-;105;37;68;-;82;34;47;1;12;8;4;-
"Pomurska";"굢ipendije - SKUPAJ";"Neznano";-;-;-;-;-;-;-;-;-;-;-;-;-;-;-;-;-;-;-;-;-;-;-;-;-;-;-;-
"Pomurska";"Dijaki";"Vrsta 뚒ipendije - SKUPAJ";2350;1160;1190;-;2708;1316;1392;-;2592;1214;1378;-;2796;1313;1483;-;944;433;511;-;902;384;518;-;2352;1123;1229;-
"Pomurska";"Dijaki";"Kadrovske 뚒ipendije - Skupaj";84;61;23;-;94;73;21;-;86;60;26;-;55;43;12;-;49;38;11;-;33;26;7;-;31;27;4;-
"Pomurska";"Dijaki";"Kadrovske 뚒ipendije sofinancirane posredno";49;41;8;-;63;55;8;-;62;46;16;-;37;33;4;-;28;24;4;-;22;18;4;-;20;17;3;-
"Pomurska";"Dijaki";"Kadrovske 뚒ipendije sofinancirane neposredno";2;1;1;-;3;1;2;-;6;5;1;-;2;1;1;-;9;7;2;-;6;5;1;-;5;5;-;-
"Pomurska";"Dijaki";"Kadrovske 뚒ipendije nesofinancirane";33;19;14;-;28;17;11;-;18;9;9;-;16;9;7;-;12;7;5;-;5;3;2;-;6;5;1;-
"Pomurska";"Dijaki";"Dr료vne 뚒ipendije";1983;980;1003;-;2269;1107;1162;-;2159;1013;1146;-;2396;1148;1248;-;575;290;285;-;570;259;311;-;2046;1013;1033;-
"Pomurska";"Dijaki";"Zoisove 뚒ipendije";282;118;164;-;345;136;209;-;347;141;206;-;345;122;223;-;319;104;215;-;299;99;200;-;275;83;192;-
"Pomurska";"Dijaki";"굢ipendije za Slovence v zamejstvu in po svetu";-;-;-;-;-;-;-;-;-;-;-;-;-;-;-;-;-;-;-;-;-;-;-;-;-;-;-;-
"Pomurska";"Dijaki";"Druge 뚒ipendije";1;1;-;-;-;-;-;-;-;-;-;-;-;-;-;-;1;1;-;-;-;-;-;-;-;-;-;-
"Pomurska";"Dijaki";"Neznano";-;-;-;-;-;-;-;-;-;-;-;-;-;-;-;-;-;-;-;-;-;-;-;-;-;-;-;-
"Pomurska";"굢udentje";"Vrsta 뚒ipendije - SKUPAJ";1653;622;1031;-;1861;723;1138;-;1859;717;1142;-;2089;818;1271;-;1956;716;1240;-;1702;601;1100;1;1539;539;1000;-
"Pomurska";"굢udentje";"Kadrovske 뚒ipendije - Skupaj";186;111;75;-;192;113;79;-;142;92;50;-;137;87;50;-;123;80;43;-;88;52;36;-;91;53;38;-
"Pomurska";"굢udentje";"Kadrovske 뚒ipendije sofinancirane posredno";89;62;27;-;97;63;34;-;75;59;16;-;78;54;24;-;76;52;24;-;60;37;23;-;57;32;25;-
"Pomurska";"굢udentje";"Kadrovske 뚒ipendije sofinancirane neposredno";9;7;2;-;11;8;3;-;6;4;2;-;1;1;-;-;4;2;2;-;3;-;3;-;4;1;3;-
"Pomurska";"굢udentje";"Kadrovske 뚒ipendije nesofinancirane";88;42;46;-;84;42;42;-;61;29;32;-;58;32;26;-;43;26;17;-;25;15;10;-;30;20;10;-
"Pomurska";"굢udentje";"Dr료vne 뚒ipendije";1135;386;749;-;1317;490;827;-;1341;487;854;-;1636;620;1016;-;1448;504;944;-;1257;420;837;-;1239;409;830;-
"Pomurska";"굢udentje";"Zoisove 뚒ipendije";327;124;203;-;346;118;228;-;334;124;210;-;310;108;202;-;281;96;185;-;275;95;180;-;198;70;128;-
"Pomurska";"굢udentje";"굢ipendije za Slovence v zamejstvu in po svetu";1;-;1;-;2;-;2;-;1;-;1;-;-;-;-;-;-;-;-;-;-;-;-;-;-;-;-;-
"Pomurska";"굢udentje";"Druge 뚒ipendije";4;1;3;-;4;2;2;-;41;14;27;-;6;3;3;-;104;36;68;-;82;34;47;1;11;7;4;-
"Pomurska";"굢udentje";"Neznano";-;-;-;-;-;-;-;-;-;-;-;-;-;-;-;-;-;-;-;-;-;-;-;-;-;-;-;-
"Pomurska";"Neznano";"Vrsta 뚒ipendije - SKUPAJ";-;-;-;-;1;1;-;-;4;3;1;-;19;10;9;-;14;7;7;-;8;4;4;-;14;7;7;-
"Pomurska";"Neznano";"Kadrovske 뚒ipendije - Skupaj";-;-;-;-;-;-;-;-;1;1;-;-;-;-;-;-;-;-;-;-;-;-;-;-;-;-;-;-
"Pomurska";"Neznano";"Kadrovske 뚒ipendije sofinancirane posredno";-;-;-;-;-;-;-;-;1;1;-;-;-;-;-;-;-;-;-;-;-;-;-;-;-;-;-;-
"Pomurska";"Neznano";"Kadrovske 뚒ipendije sofinancirane neposredno";-;-;-;-;-;-;-;-;-;-;-;-;-;-;-;-;-;-;-;-;-;-;-;-;-;-;-;-
"Pomurska";"Neznano";"Kadrovske 뚒ipendije nesofinancirane";-;-;-;-;-;-;-;-;-;-;-;-;-;-;-;-;-;-;-;-;-;-;-;-;-;-;-;-
"Pomurska";"Neznano";"Dr료vne 뚒ipendije";-;-;-;-;-;-;-;-;3;2;1;-;17;9;8;-;9;3;6;-;6;3;3;-;11;5;6;-
"Pomurska";"Neznano";"Zoisove 뚒ipendije";-;-;-;-;-;-;-;-;-;-;-;-;1;1;-;-;5;4;1;-;2;1;1;-;2;1;1;-
"Pomurska";"Neznano";"굢ipendije za Slovence v zamejstvu in po svetu";-;-;-;-;-;-;-;-;-;-;-;-;-;-;-;-;-;-;-;-;-;-;-;-;-;-;-;-
"Pomurska";"Neznano";"Druge 뚒ipendije";-;-;-;-;1;1;-;-;-;-;-;-;1;-;1;-;-;-;-;-;-;-;-;-;1;1;-;-
"Pomurska";"Neznano";"Neznano";-;-;-;-;-;-;-;-;-;-;-;-;-;-;-;-;-;-;-;-;-;-;-;-;-;-;-;-
"Podravska";"굢ipendije - SKUPAJ";"Vrsta 뚒ipendije - SKUPAJ";9077;4160;4917;-;10270;4618;5652;-;10375;4692;5683;-;11202;5108;6094;-;7000;2886;4114;-;6646;2794;3851;1;9612;4400;5212;-
"Podravska";"굢ipendije - SKUPAJ";"Kadrovske 뚒ipendije - Skupaj";801;486;315;-;784;459;325;-;639;360;279;-;539;315;224;-;488;263;225;-;473;252;221;-;466;257;209;-
"Podravska";"굢ipendije - SKUPAJ";"Kadrovske 뚒ipendije sofinancirane posredno";61;55;6;-;65;52;13;-;45;36;9;-;33;28;5;-;31;24;7;-;41;22;19;-;40;22;18;-
"Podravska";"굢ipendije - SKUPAJ";"Kadrovske 뚒ipendije sofinancirane neposredno";43;36;7;-;95;69;26;-;89;66;23;-;45;32;13;-;80;52;28;-;79;53;26;-;47;28;19;-
"Podravska";"굢ipendije - SKUPAJ";"Kadrovske 뚒ipendije nesofinancirane";697;395;302;-;624;338;286;-;505;258;247;-;461;255;206;-;377;187;190;-;353;177;176;-;379;207;172;-
"Podravska";"굢ipendije - SKUPAJ";"Dr료vne 뚒ipendije";6244;2801;3443;-;7318;3273;4045;-;7545;3441;4104;-;8682;3978;4704;-;4422;1787;2635;-;4235;1764;2471;-;7690;3530;4160;-
"Podravska";"굢ipendije - SKUPAJ";"Zoisove 뚒ipendije";1986;851;1135;-;2159;882;1277;-;1984;814;1170;-;1943;792;1151;-;1737;697;1040;-;1648;662;986;-;1344;527;817;-
"Podravska";"굢ipendije - SKUPAJ";"굢ipendije za Slovence v zamejstvu in po svetu";1;-;1;-;1;-;1;-;2;1;1;-;3;1;2;-;2;2;-;-;2;1;1;-;4;1;3;-
"Podravska";"굢ipendije - SKUPAJ";"Druge 뚒ipendije";45;22;23;-;8;4;4;-;205;76;129;-;35;22;13;-;351;137;214;-;288;115;172;1;108;85;23;-
"Podravska";"굢ipendije - SKUPAJ";"Neznano";-;-;-;-;-;-;-;-;-;-;-;-;-;-;-;-;-;-;-;-;-;-;-;-;-;-;-;-
"Podravska";"Dijaki";"Vrsta 뚒ipendije - SKUPAJ";5216;2672;2544;-;5927;2996;2931;-;5909;3016;2893;-;6490;3259;3231;-;2657;1234;1423;-;2505;1215;1290;-;5947;2930;3017;-
"Podravska";"Dijaki";"Kadrovske 뚒ipendije - Skupaj";266;182;84;-;280;185;95;-;207;139;68;-;184;131;53;-;170;109;61;-;152;103;49;-;159;104;55;-
"Podravska";"Dijaki";"Kadrovske 뚒ipendije sofinancirane posredno";34;31;3;-;36;31;5;-;22;18;4;-;14;14;-;-;15;14;1;-;19;13;6;-;15;8;7;-
"Podravska";"Dijaki";"Kadrovske 뚒ipendije sofinancirane neposredno";20;16;4;-;41;33;8;-;32;27;5;-;16;12;4;-;28;21;7;-;25;16;9;-;10;6;4;-
"Podravska";"Dijaki";"Kadrovske 뚒ipendije nesofinancirane";212;135;77;-;203;121;82;-;153;94;59;-;154;105;49;-;127;74;53;-;108;74;34;-;134;90;44;-
"Podravska";"Dijaki";"Dr료vne 뚒ipendije";4084;2075;2009;-;4664;2370;2294;-;4729;2452;2277;-;5308;2719;2589;-;1524;738;786;-;1444;746;698;-;4947;2505;2442;-
"Podravska";"Dijaki";"Zoisove 뚒ipendije";852;410;442;-;983;441;542;-;971;425;546;-;998;409;589;-;943;381;562;-;909;366;543;-;830;310;520;-
"Podravska";"Dijaki";"굢ipendije za Slovence v zamejstvu in po svetu";-;-;-;-;-;-;-;-;-;-;-;-;-;-;-;-;-;-;-;-;-;-;-;-;-;-;-;-
"Podravska";"Dijaki";"Druge 뚒ipendije";14;5;9;-;-;-;-;-;2;-;2;-;-;-;-;-;20;6;14;-;-;-;-;-;11;11;-;-
"Podravska";"Dijaki";"Neznano";-;-;-;-;-;-;-;-;-;-;-;-;-;-;-;-;-;-;-;-;-;-;-;-;-;-;-;-
"Podravska";"굢udentje";"Vrsta 뚒ipendije - SKUPAJ";3861;1488;2373;-;4343;1622;2721;-;4449;1671;2778;-;4679;1828;2851;-;4331;1648;2683;-;4127;1573;2553;1;3595;1420;2175;-
"Podravska";"굢udentje";"Kadrovske 뚒ipendije - Skupaj";535;304;231;-;504;274;230;-;430;220;210;-;355;184;171;-;318;154;164;-;320;148;172;-;306;152;154;-
"Podravska";"굢udentje";"Kadrovske 뚒ipendije sofinancirane posredno";27;24;3;-;29;21;8;-;22;17;5;-;19;14;5;-;16;10;6;-;22;9;13;-;25;14;11;-
"Podravska";"굢udentje";"Kadrovske 뚒ipendije sofinancirane neposredno";23;20;3;-;54;36;18;-;57;39;18;-;29;20;9;-;52;31;21;-;53;36;17;-;36;21;15;-
"Podravska";"굢udentje";"Kadrovske 뚒ipendije nesofinancirane";485;260;225;-;421;217;204;-;351;164;187;-;307;150;157;-;250;113;137;-;245;103;142;-;245;117;128;-
"Podravska";"굢udentje";"Dr료vne 뚒ipendije";2160;726;1434;-;2654;903;1751;-;2811;988;1823;-;3349;1240;2109;-;2889;1046;1843;-;2784;1015;1769;-;2732;1022;1710;-
"Podravska";"굢udentje";"Zoisove 뚒ipendije";1134;441;693;-;1176;441;735;-;1003;386;617;-;938;382;556;-;791;315;476;-;733;294;439;-;511;217;294;-
"Podravska";"굢udentje";"굢ipendije za Slovence v zamejstvu in po svetu";1;-;1;-;1;-;1;-;2;1;1;-;3;1;2;-;2;2;-;-;2;1;1;-;4;1;3;-
"Podravska";"굢udentje";"Druge 뚒ipendije";31;17;14;-;8;4;4;-;203;76;127;-;34;21;13;-;331;131;200;-;288;115;172;1;42;28;14;-
"Podravska";"굢udentje";"Neznano";-;-;-;-;-;-;-;-;-;-;-;-;-;-;-;-;-;-;-;-;-;-;-;-;-;-;-;-
"Podravska";"Neznano";"Vrsta 뚒ipendije - SKUPAJ";-;-;-;-;-;-;-;-;17;5;12;-;33;21;12;-;12;4;8;-;14;6;8;-;70;50;20;-
"Podravska";"Neznano";"Kadrovske 뚒ipendije - Skupaj";-;-;-;-;-;-;-;-;2;1;1;-;-;-;-;-;-;-;-;-;1;1;-;-;1;1;-;-
"Podravska";"Neznano";"Kadrovske 뚒ipendije sofinancirane posredno";-;-;-;-;-;-;-;-;1;1;-;-;-;-;-;-;-;-;-;-;-;-;-;-;-;-;-;-
"Podravska";"Neznano";"Kadrovske 뚒ipendije sofinancirane neposredno";-;-;-;-;-;-;-;-;-;-;-;-;-;-;-;-;-;-;-;-;1;1;-;-;1;1;-;-
"Podravska";"Neznano";"Kadrovske 뚒ipendije nesofinancirane";-;-;-;-;-;-;-;-;1;-;1;-;-;-;-;-;-;-;-;-;-;-;-;-;-;-;-;-
"Podravska";"Neznano";"Dr료vne 뚒ipendije";-;-;-;-;-;-;-;-;5;1;4;-;25;19;6;-;9;3;6;-;7;3;4;-;11;3;8;-
"Podravska";"Neznano";"Zoisove 뚒ipendije";-;-;-;-;-;-;-;-;10;3;7;-;7;1;6;-;3;1;2;-;6;2;4;-;3;-;3;-
"Podravska";"Neznano";"굢ipendije za Slovence v zamejstvu in po svetu";-;-;-;-;-;-;-;-;-;-;-;-;-;-;-;-;-;-;-;-;-;-;-;-;-;-;-;-
"Podravska";"Neznano";"Druge 뚒ipendije";-;-;-;-;-;-;-;-;-;-;-;-;1;1;-;-;-;-;-;-;-;-;-;-;55;46;9;-
"Podravska";"Neznano";"Neznano";-;-;-;-;-;-;-;-;-;-;-;-;-;-;-;-;-;-;-;-;-;-;-;-;-;-;-;-
"Koro뚊a";"굢ipendije - SKUPAJ";"Vrsta 뚒ipendije - SKUPAJ";2471;1147;1324;-;2728;1231;1497;-;2930;1318;1612;-;3163;1425;1738;-;2009;862;1147;-;1835;781;1054;-;2518;1147;1371;-
"Koro뚊a";"굢ipendije - SKUPAJ";"Kadrovske 뚒ipendije - Skupaj";342;252;90;-;304;235;69;-;296;230;66;-;283;218;65;-;274;209;65;-;233;173;60;-;208;152;56;-
"Koro뚊a";"굢ipendije - SKUPAJ";"Kadrovske 뚒ipendije sofinancirane posredno";149;136;13;-;155;141;14;-;178;159;19;-;172;152;20;-;163;137;26;-;142;119;23;-;131;104;27;-
"Koro뚊a";"굢ipendije - SKUPAJ";"Kadrovske 뚒ipendije sofinancirane neposredno";11;9;2;-;16;15;1;-;14;13;1;-;12;10;2;-;31;27;4;-;19;16;3;-;15;12;3;-
"Koro뚊a";"굢ipendije - SKUPAJ";"Kadrovske 뚒ipendije nesofinancirane";182;107;75;-;133;79;54;-;104;58;46;-;99;56;43;-;80;45;35;-;72;38;34;-;62;36;26;-
"Koro뚊a";"굢ipendije - SKUPAJ";"Dr료vne 뚒ipendije";1605;696;909;-;1835;798;1037;-;2024;883;1141;-;2332;1026;1306;-;1184;477;707;-;1074;440;634;-;1940;865;1075;-
"Koro뚊a";"굢ipendije - SKUPAJ";"Zoisove 뚒ipendije";516;195;321;-;586;197;389;-;561;190;371;-;542;179;363;-;480;154;326;-;457;151;306;-;362;123;239;-
"Koro뚊a";"굢ipendije - SKUPAJ";"굢ipendije za Slovence v zamejstvu in po svetu";-;-;-;-;-;-;-;-;-;-;-;-;-;-;-;-;-;-;-;-;-;-;-;-;-;-;-;-
"Koro뚊a";"굢ipendije - SKUPAJ";"Druge 뚒ipendije";8;4;4;-;3;1;2;-;49;15;34;-;6;2;4;-;71;22;49;-;71;17;54;-;8;7;1;-
"Koro뚊a";"굢ipendije - SKUPAJ";"Neznano";-;-;-;-;-;-;-;-;-;-;-;-;-;-;-;-;-;-;-;-;-;-;-;-;-;-;-;-
"Koro뚊a";"Dijaki";"Vrsta 뚒ipendije - SKUPAJ";1290;670;620;-;1493;735;758;-;1572;739;833;-;1697;814;883;-;690;332;358;-;621;293;328;-;1468;735;733;-
"Koro뚊a";"Dijaki";"Kadrovske 뚒ipendije - Skupaj";117;109;8;-;107;97;10;-;108;85;23;-;107;89;18;-;109;93;16;-;94;79;15;-;88;74;14;-
"Koro뚊a";"Dijaki";"Kadrovske 뚒ipendije sofinancirane posredno";60;60;-;-;63;63;-;-;67;58;9;-;69;68;1;-;68;65;3;-;62;59;3;-;54;51;3;-
"Koro뚊a";"Dijaki";"Kadrovske 뚒ipendije sofinancirane neposredno";9;7;2;-;7;6;1;-;6;5;1;-;2;1;1;-;9;9;-;-;4;4;-;-;1;1;-;-
"Koro뚊a";"Dijaki";"Kadrovske 뚒ipendije nesofinancirane";48;42;6;-;37;28;9;-;35;22;13;-;36;20;16;-;32;19;13;-;28;16;12;-;33;22;11;-
"Koro뚊a";"Dijaki";"Dr료vne 뚒ipendije";976;477;499;-;1116;548;568;-;1205;569;636;-;1344;647;697;-;343;166;177;-;308;142;166;-;1181;597;584;-
"Koro뚊a";"Dijaki";"Zoisove 뚒ipendije";196;84;112;-;270;90;180;-;259;85;174;-;246;78;168;-;238;73;165;-;219;72;147;-;199;64;135;-
"Koro뚊a";"Dijaki";"굢ipendije za Slovence v zamejstvu in po svetu";-;-;-;-;-;-;-;-;-;-;-;-;-;-;-;-;-;-;-;-;-;-;-;-;-;-;-;-
"Koro뚊a";"Dijaki";"Druge 뚒ipendije";1;-;1;-;-;-;-;-;-;-;-;-;-;-;-;-;-;-;-;-;-;-;-;-;-;-;-;-
"Koro뚊a";"Dijaki";"Neznano";-;-;-;-;-;-;-;-;-;-;-;-;-;-;-;-;-;-;-;-;-;-;-;-;-;-;-;-
"Koro뚊a";"굢udentje";"Vrsta 뚒ipendije - SKUPAJ";1181;477;704;-;1235;496;739;-;1351;573;778;-;1457;606;851;-;1316;530;786;-;1211;488;723;-;1040;405;635;-
"Koro뚊a";"굢udentje";"Kadrovske 뚒ipendije - Skupaj";225;143;82;-;197;138;59;-;184;141;43;-;176;129;47;-;165;116;49;-;139;94;45;-;120;78;42;-
"Koro뚊a";"굢udentje";"Kadrovske 뚒ipendije sofinancirane posredno";89;76;13;-;92;78;14;-;107;97;10;-;103;84;19;-;95;72;23;-;80;60;20;-;77;53;24;-
"Koro뚊a";"굢udentje";"Kadrovske 뚒ipendije sofinancirane neposredno";2;2;-;-;9;9;-;-;8;8;-;-;10;9;1;-;22;18;4;-;15;12;3;-;14;11;3;-
"Koro뚊a";"굢udentje";"Kadrovske 뚒ipendije nesofinancirane";134;65;69;-;96;51;45;-;69;36;33;-;63;36;27;-;48;26;22;-;44;22;22;-;29;14;15;-
"Koro뚊a";"굢udentje";"Dr료vne 뚒ipendije";629;219;410;-;719;250;469;-;819;314;505;-;982;375;607;-;839;311;528;-;764;298;466;-;754;265;489;-
"Koro뚊a";"굢udentje";"Zoisove 뚒ipendije";320;111;209;-;316;107;209;-;299;103;196;-;293;100;193;-;241;81;160;-;237;79;158;-;162;58;104;-
"Koro뚊a";"굢udentje";"굢ipendije za Slovence v zamejstvu in po svetu";-;-;-;-;-;-;-;-;-;-;-;-;-;-;-;-;-;-;-;-;-;-;-;-;-;-;-;-
"Koro뚊a";"굢udentje";"Druge 뚒ipendije";7;4;3;-;3;1;2;-;49;15;34;-;6;2;4;-;71;22;49;-;71;17;54;-;4;4;-;-
"Koro뚊a";"굢udentje";"Neznano";-;-;-;-;-;-;-;-;-;-;-;-;-;-;-;-;-;-;-;-;-;-;-;-;-;-;-;-
"Koro뚊a";"Neznano";"Vrsta 뚒ipendije - SKUPAJ";-;-;-;-;-;-;-;-;7;6;1;-;9;5;4;-;3;-;3;-;3;-;3;-;10;7;3;-
"Koro뚊a";"Neznano";"Kadrovske 뚒ipendije - Skupaj";-;-;-;-;-;-;-;-;4;4;-;-;-;-;-;-;-;-;-;-;-;-;-;-;-;-;-;-
"Koro뚊a";"Neznano";"Kadrovske 뚒ipendije sofinancirane posredno";-;-;-;-;-;-;-;-;4;4;-;-;-;-;-;-;-;-;-;-;-;-;-;-;-;-;-;-
"Koro뚊a";"Neznano";"Kadrovske 뚒ipendije sofinancirane neposredno";-;-;-;-;-;-;-;-;-;-;-;-;-;-;-;-;-;-;-;-;-;-;-;-;-;-;-;-
"Koro뚊a";"Neznano";"Kadrovske 뚒ipendije nesofinancirane";-;-;-;-;-;-;-;-;-;-;-;-;-;-;-;-;-;-;-;-;-;-;-;-;-;-;-;-
"Koro뚊a";"Neznano";"Dr료vne 뚒ipendije";-;-;-;-;-;-;-;-;-;-;-;-;6;4;2;-;2;-;2;-;2;-;2;-;5;3;2;-
"Koro뚊a";"Neznano";"Zoisove 뚒ipendije";-;-;-;-;-;-;-;-;3;2;1;-;3;1;2;-;1;-;1;-;1;-;1;-;1;1;-;-
"Koro뚊a";"Neznano";"굢ipendije za Slovence v zamejstvu in po svetu";-;-;-;-;-;-;-;-;-;-;-;-;-;-;-;-;-;-;-;-;-;-;-;-;-;-;-;-
"Koro뚊a";"Neznano";"Druge 뚒ipendije";-;-;-;-;-;-;-;-;-;-;-;-;-;-;-;-;-;-;-;-;-;-;-;-;4;3;1;-
"Koro뚊a";"Neznano";"Neznano";-;-;-;-;-;-;-;-;-;-;-;-;-;-;-;-;-;-;-;-;-;-;-;-;-;-;-;-
"Savinjska";"굢ipendije - SKUPAJ";"Vrsta 뚒ipendije - SKUPAJ";8987;4170;4817;-;9796;4464;5332;-;9879;4420;5459;-;10694;4760;5934;-;6652;2790;3862;-;6228;2622;3606;-;9281;4221;5060;-
"Savinjska";"굢ipendije - SKUPAJ";"Kadrovske 뚒ipendije - Skupaj";1324;945;379;-;1026;757;269;-;851;601;250;-;752;535;217;-;661;514;147;-;613;474;139;-;513;402;111;-
"Savinjska";"굢ipendije - SKUPAJ";"Kadrovske 뚒ipendije sofinancirane posredno";143;106;37;-;134;94;40;-;136;91;45;-;169;119;50;-;188;143;45;-;202;151;51;-;173;127;46;-
"Savinjska";"굢ipendije - SKUPAJ";"Kadrovske 뚒ipendije sofinancirane neposredno";131;110;21;-;185;150;35;-;170;138;32;-;106;84;22;-;205;172;33;-;167;131;36;-;87;69;18;-
"Savinjska";"굢ipendije - SKUPAJ";"Kadrovske 뚒ipendije nesofinancirane";1050;729;321;-;707;513;194;-;545;372;173;-;477;332;145;-;268;199;69;-;244;192;52;-;253;206;47;-
"Savinjska";"굢ipendije - SKUPAJ";"Dr료vne 뚒ipendije";6023;2559;3464;-;6960;3002;3958;-;7201;3154;4047;-;8331;3664;4667;-;4279;1704;2575;-;3991;1599;2392;-;7572;3376;4196;-
"Savinjska";"굢ipendije - SKUPAJ";"Zoisove 뚒ipendije";1623;658;965;-;1805;704;1101;-;1692;628;1064;-;1584;551;1033;-;1458;486;972;-;1400;474;926;-;1167;427;740;-
"Savinjska";"굢ipendije - SKUPAJ";"굢ipendije za Slovence v zamejstvu in po svetu";-;-;-;-;-;-;-;-;-;-;-;-;-;-;-;-;-;-;-;-;-;-;-;-;-;-;-;-
"Savinjska";"굢ipendije - SKUPAJ";"Druge 뚒ipendije";17;8;9;-;5;1;4;-;135;37;98;-;27;10;17;-;254;86;168;-;224;75;149;-;29;16;13;-
"Savinjska";"굢ipendije - SKUPAJ";"Neznano";-;-;-;-;-;-;-;-;-;-;-;-;-;-;-;-;-;-;-;-;-;-;-;-;-;-;-;-
"Savinjska";"Dijaki";"Vrsta 뚒ipendije - SKUPAJ";5026;2651;2375;-;5574;2858;2716;-;5460;2729;2731;-;6020;2976;3044;-;2420;1154;1266;-;2243;1077;1166;-;5551;2770;2781;-
"Savinjska";"Dijaki";"Kadrovske 뚒ipendije - Skupaj";608;500;108;-;473;400;73;-;350;276;74;-;314;240;74;-;309;259;50;-;282;232;50;-;229;196;33;-
"Savinjska";"Dijaki";"Kadrovske 뚒ipendije sofinancirane posredno";51;42;9;-;50;40;10;-;52;36;16;-;50;40;10;-;75;59;16;-;84;67;17;-;71;57;14;-
"Savinjska";"Dijaki";"Kadrovske 뚒ipendije sofinancirane neposredno";82;68;14;-;94;77;17;-;77;63;14;-;48;39;9;-;101;93;8;-;65;57;8;-;29;26;3;-
"Savinjska";"Dijaki";"Kadrovske 뚒ipendije nesofinancirane";475;390;85;-;329;283;46;-;221;177;44;-;216;161;55;-;133;107;26;-;133;108;25;-;129;113;16;-
"Savinjska";"Dijaki";"Dr료vne 뚒ipendije";3674;1823;1851;-;4250;2115;2135;-;4313;2143;2170;-;4950;2478;2472;-;1371;674;697;-;1266;634;632;-;4632;2328;2304;-
"Savinjska";"Dijaki";"Zoisove 뚒ipendije";740;326;414;-;851;343;508;-;796;310;486;-;756;258;498;-;740;221;519;-;695;211;484;-;690;246;444;-
"Savinjska";"Dijaki";"굢ipendije za Slovence v zamejstvu in po svetu";-;-;-;-;-;-;-;-;-;-;-;-;-;-;-;-;-;-;-;-;-;-;-;-;-;-;-;-
"Savinjska";"Dijaki";"Druge 뚒ipendije";4;2;2;-;-;-;-;-;1;-;1;-;-;-;-;-;-;-;-;-;-;-;-;-;-;-;-;-
"Savinjska";"Dijaki";"Neznano";-;-;-;-;-;-;-;-;-;-;-;-;-;-;-;-;-;-;-;-;-;-;-;-;-;-;-;-
"Savinjska";"굢udentje";"Vrsta 뚒ipendije - SKUPAJ";3961;1519;2442;-;4221;1606;2615;-;4409;1688;2721;-;4654;1778;2876;-;4219;1632;2587;-;3976;1542;2434;-;3702;1435;2267;-
"Savinjska";"굢udentje";"Kadrovske 뚒ipendije - Skupaj";716;445;271;-;553;357;196;-;501;325;176;-;437;295;142;-;352;255;97;-;331;242;89;-;284;206;78;-
"Savinjska";"굢udentje";"Kadrovske 뚒ipendije sofinancirane posredno";92;64;28;-;84;54;30;-;84;55;29;-;119;79;40;-;113;84;29;-;118;84;34;-;102;70;32;-
"Savinjska";"굢udentje";"Kadrovske 뚒ipendije sofinancirane neposredno";49;42;7;-;91;73;18;-;93;75;18;-;58;45;13;-;104;79;25;-;102;74;28;-;58;43;15;-
"Savinjska";"굢udentje";"Kadrovske 뚒ipendije nesofinancirane";575;339;236;-;378;230;148;-;324;195;129;-;260;171;89;-;135;92;43;-;111;84;27;-;124;93;31;-
"Savinjska";"굢udentje";"Dr료vne 뚒ipendije";2349;736;1613;-;2709;887;1822;-;2884;1009;1875;-;3370;1181;2189;-;2899;1026;1873;-;2717;962;1755;-;2928;1042;1886;-
"Savinjska";"굢udentje";"Zoisove 뚒ipendije";883;332;551;-;954;361;593;-;890;317;573;-;821;292;529;-;714;265;449;-;704;263;441;-;473;179;294;-
"Savinjska";"굢udentje";"굢ipendije za Slovence v zamejstvu in po svetu";-;-;-;-;-;-;-;-;-;-;-;-;-;-;-;-;-;-;-;-;-;-;-;-;-;-;-;-
"Savinjska";"굢udentje";"Druge 뚒ipendije";13;6;7;-;5;1;4;-;134;37;97;-;26;10;16;-;254;86;168;-;224;75;149;-;17;8;9;-
"Savinjska";"굢udentje";"Neznano";-;-;-;-;-;-;-;-;-;-;-;-;-;-;-;-;-;-;-;-;-;-;-;-;-;-;-;-
"Savinjska";"Neznano";"Vrsta 뚒ipendije - SKUPAJ";-;-;-;-;1;-;1;-;10;3;7;-;20;6;14;-;13;4;9;-;9;3;6;-;28;16;12;-
"Savinjska";"Neznano";"Kadrovske 뚒ipendije - Skupaj";-;-;-;-;-;-;-;-;-;-;-;-;1;-;1;-;-;-;-;-;-;-;-;-;-;-;-;-
"Savinjska";"Neznano";"Kadrovske 뚒ipendije sofinancirane posredno";-;-;-;-;-;-;-;-;-;-;-;-;-;-;-;-;-;-;-;-;-;-;-;-;-;-;-;-
"Savinjska";"Neznano";"Kadrovske 뚒ipendije sofinancirane neposredno";-;-;-;-;-;-;-;-;-;-;-;-;-;-;-;-;-;-;-;-;-;-;-;-;-;-;-;-
"Savinjska";"Neznano";"Kadrovske 뚒ipendije nesofinancirane";-;-;-;-;-;-;-;-;-;-;-;-;1;-;1;-;-;-;-;-;-;-;-;-;-;-;-;-
"Savinjska";"Neznano";"Dr료vne 뚒ipendije";-;-;-;-;1;-;1;-;4;2;2;-;11;5;6;-;9;4;5;-;8;3;5;-;12;6;6;-
"Savinjska";"Neznano";"Zoisove 뚒ipendije";-;-;-;-;-;-;-;-;6;1;5;-;7;1;6;-;4;-;4;-;1;-;1;-;4;2;2;-
"Savinjska";"Neznano";"굢ipendije za Slovence v zamejstvu in po svetu";-;-;-;-;-;-;-;-;-;-;-;-;-;-;-;-;-;-;-;-;-;-;-;-;-;-;-;-
"Savinjska";"Neznano";"Druge 뚒ipendije";-;-;-;-;-;-;-;-;-;-;-;-;1;-;1;-;-;-;-;-;-;-;-;-;12;8;4;-
"Savinjska";"Neznano";"Neznano";-;-;-;-;-;-;-;-;-;-;-;-;-;-;-;-;-;-;-;-;-;-;-;-;-;-;-;-
"Zasavska";"굢ipendije - SKUPAJ";"Vrsta 뚒ipendije - SKUPAJ";1211;514;697;-;1265;527;738;-;1215;493;722;-;1418;556;862;-;855;308;547;-;819;301;518;-;1260;537;723;-
"Zasavska";"굢ipendije - SKUPAJ";"Kadrovske 뚒ipendije - Skupaj";225;120;105;-;197;114;83;-;157;91;66;-;146;78;68;-;65;47;18;-;68;46;22;-;58;39;19;-
"Zasavska";"굢ipendije - SKUPAJ";"Kadrovske 뚒ipendije sofinancirane posredno";38;32;6;-;43;36;7;-;46;37;9;-;43;30;13;-;38;26;12;-;40;26;14;-;34;24;10;-
"Zasavska";"굢ipendije - SKUPAJ";"Kadrovske 뚒ipendije sofinancirane neposredno";6;4;2;-;9;7;2;-;4;2;2;-;2;1;1;-;5;4;1;-;4;3;1;-;6;4;2;-
"Zasavska";"굢ipendije - SKUPAJ";"Kadrovske 뚒ipendije nesofinancirane";181;84;97;-;145;71;74;-;107;52;55;-;101;47;54;-;22;17;5;-;24;17;7;-;18;11;7;-
"Zasavska";"굢ipendije - SKUPAJ";"Dr료vne 뚒ipendije";748;296;452;-;805;326;479;-;790;313;477;-;1043;412;631;-;554;190;364;-;523;190;333;-;1027;441;586;-
"Zasavska";"굢ipendije - SKUPAJ";"Zoisove 뚒ipendije";237;97;140;-;263;87;176;-;252;85;167;-;227;65;162;-;209;64;145;-;206;62;144;-;175;57;118;-
"Zasavska";"굢ipendije - SKUPAJ";"굢ipendije za Slovence v zamejstvu in po svetu";-;-;-;-;-;-;-;-;-;-;-;-;-;-;-;-;-;-;-;-;-;-;-;-;-;-;-;-
"Zasavska";"굢ipendije - SKUPAJ";"Druge 뚒ipendije";1;1;-;-;-;-;-;-;16;4;12;-;2;1;1;-;27;7;20;-;22;3;19;-;-;-;-;-
"Zasavska";"굢ipendije - SKUPAJ";"Neznano";-;-;-;-;-;-;-;-;-;-;-;-;-;-;-;-;-;-;-;-;-;-;-;-;-;-;-;-
"Zasavska";"Dijaki";"Vrsta 뚒ipendije - SKUPAJ";631;314;317;-;698;331;367;-;684;323;361;-;766;342;424;-;320;121;199;-;317;136;181;-;747;350;397;-
"Zasavska";"Dijaki";"Kadrovske 뚒ipendije - Skupaj";53;35;18;-;54;38;16;-;42;30;12;-;26;21;5;-;18;14;4;-;24;20;4;-;21;18;3;-
"Zasavska";"Dijaki";"Kadrovske 뚒ipendije sofinancirane posredno";12;12;-;-;14;14;-;-;19;15;4;-;10;10;-;-;8;7;1;-;10;9;1;-;12;12;-;-
"Zasavska";"Dijaki";"Kadrovske 뚒ipendije sofinancirane neposredno";3;3;-;-;6;4;2;-;2;1;1;-;1;1;-;-;3;3;-;-;3;3;-;-;3;2;1;-
"Zasavska";"Dijaki";"Kadrovske 뚒ipendije nesofinancirane";38;20;18;-;34;20;14;-;21;14;7;-;15;10;5;-;7;4;3;-;11;8;3;-;6;4;2;-
"Zasavska";"Dijaki";"Dr료vne 뚒ipendije";475;226;249;-;518;244;274;-;508;242;266;-;623;291;332;-;193;79;114;-;177;84;93;-;628;306;322;-
"Zasavska";"Dijaki";"Zoisove 뚒ipendije";103;53;50;-;126;49;77;-;134;51;83;-;117;30;87;-;109;28;81;-;116;32;84;-;98;26;72;-
"Zasavska";"Dijaki";"굢ipendije za Slovence v zamejstvu in po svetu";-;-;-;-;-;-;-;-;-;-;-;-;-;-;-;-;-;-;-;-;-;-;-;-;-;-;-;-
"Zasavska";"Dijaki";"Druge 뚒ipendije";-;-;-;-;-;-;-;-;-;-;-;-;-;-;-;-;-;-;-;-;-;-;-;-;-;-;-;-
"Zasavska";"Dijaki";"Neznano";-;-;-;-;-;-;-;-;-;-;-;-;-;-;-;-;-;-;-;-;-;-;-;-;-;-;-;-
"Zasavska";"굢udentje";"Vrsta 뚒ipendije - SKUPAJ";580;200;380;-;567;196;371;-;531;170;361;-;648;210;438;-;535;187;348;-;500;165;335;-;512;187;325;-
"Zasavska";"굢udentje";"Kadrovske 뚒ipendije - Skupaj";172;85;87;-;143;76;67;-;115;61;54;-;120;57;63;-;47;33;14;-;44;26;18;-;37;21;16;-
"Zasavska";"굢udentje";"Kadrovske 뚒ipendije sofinancirane posredno";26;20;6;-;29;22;7;-;27;22;5;-;33;20;13;-;30;19;11;-;30;17;13;-;22;12;10;-
"Zasavska";"굢udentje";"Kadrovske 뚒ipendije sofinancirane neposredno";3;1;2;-;3;3;-;-;2;1;1;-;1;-;1;-;2;1;1;-;1;-;1;-;3;2;1;-
"Zasavska";"굢udentje";"Kadrovske 뚒ipendije nesofinancirane";143;64;79;-;111;51;60;-;86;38;48;-;86;37;49;-;15;13;2;-;13;9;4;-;12;7;5;-
"Zasavska";"굢udentje";"Dr료vne 뚒ipendije";273;70;203;-;287;82;205;-;282;71;211;-;417;118;299;-;361;111;250;-;345;106;239;-;399;135;264;-
"Zasavska";"굢udentje";"Zoisove 뚒ipendije";134;44;90;-;137;38;99;-;118;34;84;-;109;34;75;-;100;36;64;-;89;30;59;-;76;31;45;-
"Zasavska";"굢udentje";"굢ipendije za Slovence v zamejstvu in po svetu";-;-;-;-;-;-;-;-;-;-;-;-;-;-;-;-;-;-;-;-;-;-;-;-;-;-;-;-
"Zasavska";"굢udentje";"Druge 뚒ipendije";1;1;-;-;-;-;-;-;16;4;12;-;2;1;1;-;27;7;20;-;22;3;19;-;-;-;-;-
"Zasavska";"굢udentje";"Neznano";-;-;-;-;-;-;-;-;-;-;-;-;-;-;-;-;-;-;-;-;-;-;-;-;-;-;-;-
"Zasavska";"Neznano";"Vrsta 뚒ipendije - SKUPAJ";-;-;-;-;-;-;-;-;-;-;-;-;4;4;-;-;-;-;-;-;2;-;2;-;1;-;1;-
"Zasavska";"Neznano";"Kadrovske 뚒ipendije - Skupaj";-;-;-;-;-;-;-;-;-;-;-;-;-;-;-;-;-;-;-;-;-;-;-;-;-;-;-;-
"Zasavska";"Neznano";"Kadrovske 뚒ipendije sofinancirane posredno";-;-;-;-;-;-;-;-;-;-;-;-;-;-;-;-;-;-;-;-;-;-;-;-;-;-;-;-
"Zasavska";"Neznano";"Kadrovske 뚒ipendije sofinancirane neposredno";-;-;-;-;-;-;-;-;-;-;-;-;-;-;-;-;-;-;-;-;-;-;-;-;-;-;-;-
"Zasavska";"Neznano";"Kadrovske 뚒ipendije nesofinancirane";-;-;-;-;-;-;-;-;-;-;-;-;-;-;-;-;-;-;-;-;-;-;-;-;-;-;-;-
"Zasavska";"Neznano";"Dr료vne 뚒ipendije";-;-;-;-;-;-;-;-;-;-;-;-;3;3;-;-;-;-;-;-;1;-;1;-;-;-;-;-
"Zasavska";"Neznano";"Zoisove 뚒ipendije";-;-;-;-;-;-;-;-;-;-;-;-;1;1;-;-;-;-;-;-;1;-;1;-;1;-;1;-
"Zasavska";"Neznano";"굢ipendije za Slovence v zamejstvu in po svetu";-;-;-;-;-;-;-;-;-;-;-;-;-;-;-;-;-;-;-;-;-;-;-;-;-;-;-;-
"Zasavska";"Neznano";"Druge 뚒ipendije";-;-;-;-;-;-;-;-;-;-;-;-;-;-;-;-;-;-;-;-;-;-;-;-;-;-;-;-
"Zasavska";"Neznano";"Neznano";-;-;-;-;-;-;-;-;-;-;-;-;-;-;-;-;-;-;-;-;-;-;-;-;-;-;-;-
"Spodnjeposavska";"굢ipendije - SKUPAJ";"Vrsta 뚒ipendije - SKUPAJ";2504;1153;1351;-;2639;1215;1424;-;2591;1192;1399;-;2757;1244;1513;-;1665;713;952;-;1562;691;871;-;2388;1042;1346;-
"Spodnjeposavska";"굢ipendije - SKUPAJ";"Kadrovske 뚒ipendije - Skupaj";267;190;77;-;258;187;71;-;216;160;56;-;224;156;68;-;183;135;48;-;156;111;45;-;126;81;45;-
"Spodnjeposavska";"굢ipendije - SKUPAJ";"Kadrovske 뚒ipendije sofinancirane posredno";116;99;17;-;133;104;29;-;125;98;27;-;137;97;40;-;121;87;34;-;102;70;32;-;82;51;31;-
"Spodnjeposavska";"굢ipendije - SKUPAJ";"Kadrovske 뚒ipendije sofinancirane neposredno";18;12;6;-;17;13;4;-;11;9;2;-;8;7;1;-;11;10;1;-;11;10;1;-;9;8;1;-
"Spodnjeposavska";"굢ipendije - SKUPAJ";"Kadrovske 뚒ipendije nesofinancirane";133;79;54;-;108;70;38;-;80;53;27;-;79;52;27;-;51;38;13;-;43;31;12;-;35;22;13;-
"Spodnjeposavska";"굢ipendije - SKUPAJ";"Dr료vne 뚒ipendije";1800;783;1017;-;1920;854;1066;-;1931;877;1054;-;2157;955;1202;-;1090;433;657;-;1034;451;583;-;1987;858;1129;-
"Spodnjeposavska";"굢ipendije - SKUPAJ";"Zoisove 뚒ipendije";430;174;256;-;456;172;284;-;413;148;265;-;370;130;240;-;329;123;206;-;332;115;217;-;269;101;168;-
"Spodnjeposavska";"굢ipendije - SKUPAJ";"굢ipendije za Slovence v zamejstvu in po svetu";-;-;-;-;-;-;-;-;-;-;-;-;-;-;-;-;-;-;-;-;-;-;-;-;-;-;-;-
"Spodnjeposavska";"굢ipendije - SKUPAJ";"Druge 뚒ipendije";7;6;1;-;5;2;3;-;31;7;24;-;6;3;3;-;63;22;41;-;40;14;26;-;6;2;4;-
"Spodnjeposavska";"굢ipendije - SKUPAJ";"Neznano";-;-;-;-;-;-;-;-;-;-;-;-;-;-;-;-;-;-;-;-;-;-;-;-;-;-;-;-
"Spodnjeposavska";"Dijaki";"Vrsta 뚒ipendije - SKUPAJ";1379;683;696;-;1459;754;705;-;1453;736;717;-;1540;748;792;-;592;295;297;-;573;294;279;-;1454;695;759;-
"Spodnjeposavska";"Dijaki";"Kadrovske 뚒ipendije - Skupaj";64;50;14;-;62;45;17;-;71;51;20;-;43;31;12;-;48;39;9;-;44;34;10;-;35;29;6;-
"Spodnjeposavska";"Dijaki";"Kadrovske 뚒ipendije sofinancirane posredno";29;26;3;-;37;31;6;-;58;45;13;-;30;24;6;-;34;30;4;-;27;24;3;-;17;16;1;-
"Spodnjeposavska";"Dijaki";"Kadrovske 뚒ipendije sofinancirane neposredno";3;3;-;-;5;4;1;-;2;2;-;-;1;1;-;-;4;3;1;-;3;2;1;-;3;3;-;-
"Spodnjeposavska";"Dijaki";"Kadrovske 뚒ipendije nesofinancirane";32;21;11;-;20;10;10;-;11;4;7;-;12;6;6;-;10;6;4;-;14;8;6;-;15;10;5;-
"Spodnjeposavska";"Dijaki";"Dr료vne 뚒ipendije";1127;555;572;-;1192;628;564;-;1183;616;567;-;1302;648;654;-;346;180;166;-;335;196;139;-;1236;602;634;-
"Spodnjeposavska";"Dijaki";"Zoisove 뚒ipendije";186;77;109;-;205;81;124;-;198;69;129;-;195;69;126;-;198;76;122;-;194;64;130;-;183;64;119;-
"Spodnjeposavska";"Dijaki";"굢ipendije za Slovence v zamejstvu in po svetu";-;-;-;-;-;-;-;-;-;-;-;-;-;-;-;-;-;-;-;-;-;-;-;-;-;-;-;-
"Spodnjeposavska";"Dijaki";"Druge 뚒ipendije";2;1;1;-;-;-;-;-;1;-;1;-;-;-;-;-;-;-;-;-;-;-;-;-;-;-;-;-
"Spodnjeposavska";"Dijaki";"Neznano";-;-;-;-;-;-;-;-;-;-;-;-;-;-;-;-;-;-;-;-;-;-;-;-;-;-;-;-
"Spodnjeposavska";"굢udentje";"Vrsta 뚒ipendije - SKUPAJ";1125;470;655;-;1180;461;719;-;1136;456;680;-;1215;495;720;-;1071;417;654;-;989;397;592;-;931;347;584;-
"Spodnjeposavska";"굢udentje";"Kadrovske 뚒ipendije - Skupaj";203;140;63;-;196;142;54;-;144;109;35;-;181;125;56;-;135;96;39;-;112;77;35;-;91;52;39;-
"Spodnjeposavska";"굢udentje";"Kadrovske 뚒ipendije sofinancirane posredno";87;73;14;-;96;73;23;-;67;53;14;-;107;73;34;-;87;57;30;-;75;46;29;-;65;35;30;-
"Spodnjeposavska";"굢udentje";"Kadrovske 뚒ipendije sofinancirane neposredno";15;9;6;-;12;9;3;-;9;7;2;-;7;6;1;-;7;7;-;-;8;8;-;-;6;5;1;-
"Spodnjeposavska";"굢udentje";"Kadrovske 뚒ipendije nesofinancirane";101;58;43;-;88;60;28;-;68;49;19;-;67;46;21;-;41;32;9;-;29;23;6;-;20;12;8;-
"Spodnjeposavska";"굢udentje";"Dr료vne 뚒ipendije";673;228;445;-;728;226;502;-;747;261;486;-;854;306;548;-;743;253;490;-;699;255;444;-;751;256;495;-
"Spodnjeposavska";"굢udentje";"Zoisove 뚒ipendije";244;97;147;-;251;91;160;-;215;79;136;-;174;61;113;-;130;46;84;-;138;51;87;-;86;37;49;-
"Spodnjeposavska";"굢udentje";"굢ipendije za Slovence v zamejstvu in po svetu";-;-;-;-;-;-;-;-;-;-;-;-;-;-;-;-;-;-;-;-;-;-;-;-;-;-;-;-
"Spodnjeposavska";"굢udentje";"Druge 뚒ipendije";5;5;-;-;5;2;3;-;30;7;23;-;6;3;3;-;63;22;41;-;40;14;26;-;3;2;1;-
"Spodnjeposavska";"굢udentje";"Neznano";-;-;-;-;-;-;-;-;-;-;-;-;-;-;-;-;-;-;-;-;-;-;-;-;-;-;-;-
"Spodnjeposavska";"Neznano";"Vrsta 뚒ipendije - SKUPAJ";-;-;-;-;-;-;-;-;2;-;2;-;2;1;1;-;2;1;1;-;-;-;-;-;3;-;3;-
"Spodnjeposavska";"Neznano";"Kadrovske 뚒ipendije - Skupaj";-;-;-;-;-;-;-;-;1;-;1;-;-;-;-;-;-;-;-;-;-;-;-;-;-;-;-;-
"Spodnjeposavska";"Neznano";"Kadrovske 뚒ipendije sofinancirane posredno";-;-;-;-;-;-;-;-;-;-;-;-;-;-;-;-;-;-;-;-;-;-;-;-;-;-;-;-
"Spodnjeposavska";"Neznano";"Kadrovske 뚒ipendije sofinancirane neposredno";-;-;-;-;-;-;-;-;-;-;-;-;-;-;-;-;-;-;-;-;-;-;-;-;-;-;-;-
"Spodnjeposavska";"Neznano";"Kadrovske 뚒ipendije nesofinancirane";-;-;-;-;-;-;-;-;1;-;1;-;-;-;-;-;-;-;-;-;-;-;-;-;-;-;-;-
"Spodnjeposavska";"Neznano";"Dr료vne 뚒ipendije";-;-;-;-;-;-;-;-;1;-;1;-;1;1;-;-;1;-;1;-;-;-;-;-;-;-;-;-
"Spodnjeposavska";"Neznano";"Zoisove 뚒ipendije";-;-;-;-;-;-;-;-;-;-;-;-;1;-;1;-;1;1;-;-;-;-;-;-;-;-;-;-
"Spodnjeposavska";"Neznano";"굢ipendije za Slovence v zamejstvu in po svetu";-;-;-;-;-;-;-;-;-;-;-;-;-;-;-;-;-;-;-;-;-;-;-;-;-;-;-;-
"Spodnjeposavska";"Neznano";"Druge 뚒ipendije";-;-;-;-;-;-;-;-;-;-;-;-;-;-;-;-;-;-;-;-;-;-;-;-;3;-;3;-
"Spodnjeposavska";"Neznano";"Neznano";-;-;-;-;-;-;-;-;-;-;-;-;-;-;-;-;-;-;-;-;-;-;-;-;-;-;-;-
"Jugovzhodna Slovenija";"굢ipendije - SKUPAJ";"Vrsta 뚒ipendije - SKUPAJ";4273;1938;2335;-;4766;2163;2603;-;4784;2113;2671;-;5302;2348;2954;-;3036;1220;1816;-;2858;1159;1699;-;4378;1953;2425;-
"Jugovzhodna Slovenija";"굢ipendije - SKUPAJ";"Kadrovske 뚒ipendije - Skupaj";538;387;151;-;503;365;138;-;416;299;117;-;338;231;107;-;253;173;80;-;228;158;70;-;205;148;57;-
"Jugovzhodna Slovenija";"굢ipendije - SKUPAJ";"Kadrovske 뚒ipendije sofinancirane posredno";126;104;22;-;145;119;26;-;130;100;30;-;121;87;34;-;101;74;27;-;97;77;20;-;86;66;20;-
"Jugovzhodna Slovenija";"굢ipendije - SKUPAJ";"Kadrovske 뚒ipendije sofinancirane neposredno";47;39;8;-;63;51;12;-;46;34;12;-;20;14;6;-;42;28;14;-;35;25;10;-;26;20;6;-
"Jugovzhodna Slovenija";"굢ipendije - SKUPAJ";"Kadrovske 뚒ipendije nesofinancirane";365;244;121;-;295;195;100;-;240;165;75;-;197;130;67;-;110;71;39;-;96;56;40;-;93;62;31;-
"Jugovzhodna Slovenija";"굢ipendije - SKUPAJ";"Dr료vne 뚒ipendije";2717;1164;1553;-;3166;1395;1771;-;3293;1434;1859;-;3996;1759;2237;-;1817;701;1116;-;1751;696;1055;-;3509;1572;1937;-
"Jugovzhodna Slovenija";"굢ipendije - SKUPAJ";"Zoisove 뚒ipendije";1010;386;624;-;1092;401;691;-;1019;366;653;-;948;350;598;-;835;296;539;-;786;276;510;-;642;221;421;-
"Jugovzhodna Slovenija";"굢ipendije - SKUPAJ";"굢ipendije za Slovence v zamejstvu in po svetu";-;-;-;-;-;-;-;-;-;-;-;-;-;-;-;-;-;-;-;-;-;-;-;-;-;-;-;-
"Jugovzhodna Slovenija";"굢ipendije - SKUPAJ";"Druge 뚒ipendije";8;1;7;-;5;2;3;-;56;14;42;-;20;8;12;-;131;50;81;-;93;29;64;-;22;12;10;-
"Jugovzhodna Slovenija";"굢ipendije - SKUPAJ";"Neznano";-;-;-;-;-;-;-;-;-;-;-;-;-;-;-;-;-;-;-;-;-;-;-;-;-;-;-;-
"Jugovzhodna Slovenija";"Dijaki";"Vrsta 뚒ipendije - SKUPAJ";2397;1221;1176;-;2698;1354;1344;-;2719;1319;1400;-;3051;1486;1565;-;1094;510;584;-;1075;492;583;-;2636;1291;1345;-
"Jugovzhodna Slovenija";"Dijaki";"Kadrovske 뚒ipendije - Skupaj";239;200;39;-;213;186;27;-;162;134;28;-;130;105;25;-;106;84;22;-;102;82;20;-;78;61;17;-
"Jugovzhodna Slovenija";"Dijaki";"Kadrovske 뚒ipendije sofinancirane posredno";66;62;4;-;76;73;3;-;53;43;10;-;55;47;8;-;46;38;8;-;42;36;6;-;33;27;6;-
"Jugovzhodna Slovenija";"Dijaki";"Kadrovske 뚒ipendije sofinancirane neposredno";22;20;2;-;22;21;1;-;20;16;4;-;5;2;3;-;18;13;5;-;18;13;5;-;9;7;2;-
"Jugovzhodna Slovenija";"Dijaki";"Kadrovske 뚒ipendije nesofinancirane";151;118;33;-;115;92;23;-;89;75;14;-;70;56;14;-;42;33;9;-;42;33;9;-;36;27;9;-
"Jugovzhodna Slovenija";"Dijaki";"Dr료vne 뚒ipendije";1732;843;889;-;2001;982;1019;-;2083;1018;1065;-;2459;1225;1234;-;560;282;278;-;599;282;317;-;2207;1107;1100;-
"Jugovzhodna Slovenija";"Dijaki";"Zoisove 뚒ipendije";425;178;247;-;484;186;298;-;473;167;306;-;462;156;306;-;428;144;284;-;374;128;246;-;349;121;228;-
"Jugovzhodna Slovenija";"Dijaki";"굢ipendije za Slovence v zamejstvu in po svetu";-;-;-;-;-;-;-;-;-;-;-;-;-;-;-;-;-;-;-;-;-;-;-;-;-;-;-;-
"Jugovzhodna Slovenija";"Dijaki";"Druge 뚒ipendije";1;-;1;-;-;-;-;-;1;-;1;-;-;-;-;-;-;-;-;-;-;-;-;-;2;2;-;-
"Jugovzhodna Slovenija";"Dijaki";"Neznano";-;-;-;-;-;-;-;-;-;-;-;-;-;-;-;-;-;-;-;-;-;-;-;-;-;-;-;-
"Jugovzhodna Slovenija";"굢udentje";"Vrsta 뚒ipendije - SKUPAJ";1876;717;1159;-;2068;809;1259;-;2063;794;1269;-;2236;853;1383;-;1938;710;1228;-;1780;666;1114;-;1729;656;1073;-
"Jugovzhodna Slovenija";"굢udentje";"Kadrovske 뚒ipendije - Skupaj";299;187;112;-;290;179;111;-;254;165;89;-;208;126;82;-;147;89;58;-;126;76;50;-;127;87;40;-
"Jugovzhodna Slovenija";"굢udentje";"Kadrovske 뚒ipendije sofinancirane posredno";60;42;18;-;69;46;23;-;77;57;20;-;66;40;26;-;55;36;19;-;55;41;14;-;53;39;14;-
"Jugovzhodna Slovenija";"굢udentje";"Kadrovske 뚒ipendije sofinancirane neposredno";25;19;6;-;41;30;11;-;26;18;8;-;15;12;3;-;24;15;9;-;17;12;5;-;17;13;4;-
"Jugovzhodna Slovenija";"굢udentje";"Kadrovske 뚒ipendije nesofinancirane";214;126;88;-;180;103;77;-;151;90;61;-;127;74;53;-;68;38;30;-;54;23;31;-;57;35;22;-
"Jugovzhodna Slovenija";"굢udentje";"Dr료vne 뚒ipendije";985;321;664;-;1165;413;752;-;1208;416;792;-;1525;526;999;-;1254;419;835;-;1150;413;737;-;1301;465;836;-
"Jugovzhodna Slovenija";"굢udentje";"Zoisove 뚒ipendije";585;208;377;-;608;215;393;-;546;199;347;-;483;193;290;-;406;152;254;-;411;148;263;-;293;100;193;-
"Jugovzhodna Slovenija";"굢udentje";"굢ipendije za Slovence v zamejstvu in po svetu";-;-;-;-;-;-;-;-;-;-;-;-;-;-;-;-;-;-;-;-;-;-;-;-;-;-;-;-
"Jugovzhodna Slovenija";"굢udentje";"Druge 뚒ipendije";7;1;6;-;5;2;3;-;55;14;41;-;20;8;12;-;131;50;81;-;93;29;64;-;8;4;4;-
"Jugovzhodna Slovenija";"굢udentje";"Neznano";-;-;-;-;-;-;-;-;-;-;-;-;-;-;-;-;-;-;-;-;-;-;-;-;-;-;-;-
"Jugovzhodna Slovenija";"Neznano";"Vrsta 뚒ipendije - SKUPAJ";-;-;-;-;-;-;-;-;2;-;2;-;15;9;6;-;4;-;4;-;3;1;2;-;13;6;7;-
"Jugovzhodna Slovenija";"Neznano";"Kadrovske 뚒ipendije - Skupaj";-;-;-;-;-;-;-;-;-;-;-;-;-;-;-;-;-;-;-;-;-;-;-;-;-;-;-;-
"Jugovzhodna Slovenija";"Neznano";"Kadrovske 뚒ipendije sofinancirane posredno";-;-;-;-;-;-;-;-;-;-;-;-;-;-;-;-;-;-;-;-;-;-;-;-;-;-;-;-
"Jugovzhodna Slovenija";"Neznano";"Kadrovske 뚒ipendije sofinancirane neposredno";-;-;-;-;-;-;-;-;-;-;-;-;-;-;-;-;-;-;-;-;-;-;-;-;-;-;-;-
"Jugovzhodna Slovenija";"Neznano";"Kadrovske 뚒ipendije nesofinancirane";-;-;-;-;-;-;-;-;-;-;-;-;-;-;-;-;-;-;-;-;-;-;-;-;-;-;-;-
"Jugovzhodna Slovenija";"Neznano";"Dr료vne 뚒ipendije";-;-;-;-;-;-;-;-;2;-;2;-;12;8;4;-;3;-;3;-;2;1;1;-;1;-;1;-
"Jugovzhodna Slovenija";"Neznano";"Zoisove 뚒ipendije";-;-;-;-;-;-;-;-;-;-;-;-;3;1;2;-;1;-;1;-;1;-;1;-;-;-;-;-
"Jugovzhodna Slovenija";"Neznano";"굢ipendije za Slovence v zamejstvu in po svetu";-;-;-;-;-;-;-;-;-;-;-;-;-;-;-;-;-;-;-;-;-;-;-;-;-;-;-;-
"Jugovzhodna Slovenija";"Neznano";"Druge 뚒ipendije";-;-;-;-;-;-;-;-;-;-;-;-;-;-;-;-;-;-;-;-;-;-;-;-;12;6;6;-
"Jugovzhodna Slovenija";"Neznano";"Neznano";-;-;-;-;-;-;-;-;-;-;-;-;-;-;-;-;-;-;-;-;-;-;-;-;-;-;-;-
"Osrednjeslovenska";"굢ipendije - SKUPAJ";"Vrsta 뚒ipendije - SKUPAJ";10408;4566;5842;-;11857;5113;6744;-;12256;5341;6915;-;13332;5813;7519;-;8908;3543;5365;-;8708;3494;5211;3;11707;5180;6527;-
"Osrednjeslovenska";"굢ipendije - SKUPAJ";"Kadrovske 뚒ipendije - Skupaj";1471;822;649;-;1459;798;661;-;1336;748;588;-;1029;579;450;-;878;502;376;-;879;499;380;-;736;395;341;-
"Osrednjeslovenska";"굢ipendije - SKUPAJ";"Kadrovske 뚒ipendije sofinancirane posredno";66;55;11;-;75;59;16;-;80;65;15;-;82;57;25;-;80;53;27;-;85;54;31;-;86;54;32;-
"Osrednjeslovenska";"굢ipendije - SKUPAJ";"Kadrovske 뚒ipendije sofinancirane neposredno";63;48;15;-;119;90;29;-;120;94;26;-;79;58;21;-;157;101;56;-;149;102;47;-;98;63;35;-
"Osrednjeslovenska";"굢ipendije - SKUPAJ";"Kadrovske 뚒ipendije nesofinancirane";1342;719;623;-;1265;649;616;-;1136;589;547;-;868;464;404;-;641;348;293;-;645;343;302;-;552;278;274;-
"Osrednjeslovenska";"굢ipendije - SKUPAJ";"Dr료vne 뚒ipendije";5145;2169;2976;-;6466;2734;3732;-;6859;3030;3829;-;8732;3866;4866;-;4170;1677;2493;-;4278;1735;2543;-;8419;3821;4598;-
"Osrednjeslovenska";"굢ipendije - SKUPAJ";"Zoisove 뚒ipendije";3557;1475;2082;-;3857;1551;2306;-;3635;1414;2221;-;3450;1299;2151;-;3059;1093;1966;-;2942;1044;1898;-;2376;873;1503;-
"Osrednjeslovenska";"굢ipendije - SKUPAJ";"굢ipendije za Slovence v zamejstvu in po svetu";18;9;9;-;30;9;21;-;32;10;22;-;36;14;22;-;38;10;28;-;42;16;26;-;47;15;32;-
"Osrednjeslovenska";"굢ipendije - SKUPAJ";"Druge 뚒ipendije";217;91;126;-;45;21;24;-;394;139;255;-;85;55;30;-;763;261;502;-;567;200;364;3;129;76;53;-
"Osrednjeslovenska";"굢ipendije - SKUPAJ";"Neznano";-;-;-;-;-;-;-;-;-;-;-;-;-;-;-;-;-;-;-;-;-;-;-;-;-;-;-;-
"Osrednjeslovenska";"Dijaki";"Vrsta 뚒ipendije - SKUPAJ";5636;2714;2922;-;6599;3050;3549;-;6654;3139;3515;-;7568;3551;4017;-;3408;1443;1965;-;3420;1503;1917;-;7035;3375;3660;-
"Osrednjeslovenska";"Dijaki";"Kadrovske 뚒ipendije - Skupaj";543;343;200;-;490;303;187;-;470;289;181;-;385;230;155;-;347;201;146;-;376;232;144;-;289;167;122;-
"Osrednjeslovenska";"Dijaki";"Kadrovske 뚒ipendije sofinancirane posredno";32;26;6;-;34;25;9;-;32;28;4;-;35;23;12;-;34;21;13;-;41;26;15;-;36;23;13;-
"Osrednjeslovenska";"Dijaki";"Kadrovske 뚒ipendije sofinancirane neposredno";24;21;3;-;35;31;4;-;36;28;8;-;24;19;5;-;52;34;18;-;55;38;17;-;32;23;9;-
"Osrednjeslovenska";"Dijaki";"Kadrovske 뚒ipendije nesofinancirane";487;296;191;-;421;247;174;-;402;233;169;-;326;188;138;-;261;146;115;-;280;168;112;-;221;121;100;-
"Osrednjeslovenska";"Dijaki";"Dr료vne 뚒ipendije";3384;1588;1796;-;4216;1966;2250;-;4352;2143;2209;-;5436;2712;2724;-;1427;694;733;-;1527;762;765;-;5369;2714;2655;-
"Osrednjeslovenska";"Dijaki";"Zoisove 뚒ipendije";1674;764;910;-;1893;781;1112;-;1825;705;1120;-;1747;609;1138;-;1633;548;1085;-;1517;509;1008;-;1359;482;877;-
"Osrednjeslovenska";"Dijaki";"굢ipendije za Slovence v zamejstvu in po svetu";-;-;-;-;-;-;-;-;-;-;-;-;-;-;-;-;-;-;-;-;-;-;-;-;-;-;-;-
"Osrednjeslovenska";"Dijaki";"Druge 뚒ipendije";35;19;16;-;-;-;-;-;7;2;5;-;-;-;-;-;1;-;1;-;-;-;-;-;18;12;6;-
"Osrednjeslovenska";"Dijaki";"Neznano";-;-;-;-;-;-;-;-;-;-;-;-;-;-;-;-;-;-;-;-;-;-;-;-;-;-;-;-
"Osrednjeslovenska";"굢udentje";"Vrsta 뚒ipendije - SKUPAJ";4772;1852;2920;-;5257;2062;3195;-;5586;2197;3389;-;5715;2235;3480;-;5483;2094;3389;-;5274;1990;3281;3;4605;1769;2836;-
"Osrednjeslovenska";"굢udentje";"Kadrovske 뚒ipendije - Skupaj";928;479;449;-;969;495;474;-;864;457;407;-;644;349;295;-;531;301;230;-;502;267;235;-;446;228;218;-
"Osrednjeslovenska";"굢udentje";"Kadrovske 뚒ipendije sofinancirane posredno";34;29;5;-;41;34;7;-;46;35;11;-;47;34;13;-;46;32;14;-;44;28;16;-;50;31;19;-
"Osrednjeslovenska";"굢udentje";"Kadrovske 뚒ipendije sofinancirane neposredno";39;27;12;-;84;59;25;-;84;66;18;-;55;39;16;-;105;67;38;-;93;64;29;-;65;40;25;-
"Osrednjeslovenska";"굢udentje";"Kadrovske 뚒ipendije nesofinancirane";855;423;432;-;844;402;442;-;734;356;378;-;542;276;266;-;380;202;178;-;365;175;190;-;331;157;174;-
"Osrednjeslovenska";"굢udentje";"Dr료vne 뚒ipendije";1761;581;1180;-;2250;768;1482;-;2501;886;1615;-;3263;1135;2128;-;2727;978;1749;-;2741;972;1769;-;3027;1098;1929;-
"Osrednjeslovenska";"굢udentje";"Zoisove 뚒ipendije";1883;711;1172;-;1963;769;1194;-;1802;707;1095;-;1694;686;1008;-;1425;544;881;-;1422;535;887;-;1015;391;624;-
"Osrednjeslovenska";"굢udentje";"굢ipendije za Slovence v zamejstvu in po svetu";18;9;9;-;30;9;21;-;32;10;22;-;36;14;22;-;38;10;28;-;42;16;26;-;47;15;32;-
"Osrednjeslovenska";"굢udentje";"Druge 뚒ipendije";182;72;110;-;45;21;24;-;387;137;250;-;78;51;27;-;762;261;501;-;567;200;364;3;70;37;33;-
"Osrednjeslovenska";"굢udentje";"Neznano";-;-;-;-;-;-;-;-;-;-;-;-;-;-;-;-;-;-;-;-;-;-;-;-;-;-;-;-
"Osrednjeslovenska";"Neznano";"Vrsta 뚒ipendije - SKUPAJ";-;-;-;-;1;1;-;-;16;5;11;-;49;27;22;-;17;6;11;-;14;1;13;-;67;36;31;-
"Osrednjeslovenska";"Neznano";"Kadrovske 뚒ipendije - Skupaj";-;-;-;-;-;-;-;-;2;2;-;-;-;-;-;-;-;-;-;-;1;-;1;-;1;-;1;-
"Osrednjeslovenska";"Neznano";"Kadrovske 뚒ipendije sofinancirane posredno";-;-;-;-;-;-;-;-;2;2;-;-;-;-;-;-;-;-;-;-;-;-;-;-;-;-;-;-
"Osrednjeslovenska";"Neznano";"Kadrovske 뚒ipendije sofinancirane neposredno";-;-;-;-;-;-;-;-;-;-;-;-;-;-;-;-;-;-;-;-;1;-;1;-;1;-;1;-
"Osrednjeslovenska";"Neznano";"Kadrovske 뚒ipendije nesofinancirane";-;-;-;-;-;-;-;-;-;-;-;-;-;-;-;-;-;-;-;-;-;-;-;-;-;-;-;-
"Osrednjeslovenska";"Neznano";"Dr료vne 뚒ipendije";-;-;-;-;-;-;-;-;6;1;5;-;33;19;14;-;16;5;11;-;10;1;9;-;23;9;14;-
"Osrednjeslovenska";"Neznano";"Zoisove 뚒ipendije";-;-;-;-;1;1;-;-;8;2;6;-;9;4;5;-;1;1;-;-;3;-;3;-;2;-;2;-
"Osrednjeslovenska";"Neznano";"굢ipendije za Slovence v zamejstvu in po svetu";-;-;-;-;-;-;-;-;-;-;-;-;-;-;-;-;-;-;-;-;-;-;-;-;-;-;-;-
"Osrednjeslovenska";"Neznano";"Druge 뚒ipendije";-;-;-;-;-;-;-;-;-;-;-;-;7;4;3;-;-;-;-;-;-;-;-;-;41;27;14;-
"Osrednjeslovenska";"Neznano";"Neznano";-;-;-;-;-;-;-;-;-;-;-;-;-;-;-;-;-;-;-;-;-;-;-;-;-;-;-;-
"Gorenjska";"굢ipendije - SKUPAJ";"Vrsta 뚒ipendije - SKUPAJ";5042;2307;2735;-;5540;2524;3016;-;5767;2557;3210;-;6502;2899;3603;-;3812;1595;2217;-;3664;1536;2126;2;5291;2363;2928;-
"Gorenjska";"굢ipendije - SKUPAJ";"Kadrovske 뚒ipendije - Skupaj";811;615;196;-;683;526;157;-;577;434;143;-;468;349;119;-;443;319;124;-;422;305;117;-;335;245;90;-
"Gorenjska";"굢ipendije - SKUPAJ";"Kadrovske 뚒ipendije sofinancirane posredno";126;120;6;-;95;89;6;-;67;61;6;-;65;59;6;-;60;51;9;-;58;50;8;-;47;42;5;-
"Gorenjska";"굢ipendije - SKUPAJ";"Kadrovske 뚒ipendije sofinancirane neposredno";43;35;8;-;164;143;21;-;120;105;15;-;70;61;9;-;121;98;23;-;111;96;15;-;59;53;6;-
"Gorenjska";"굢ipendije - SKUPAJ";"Kadrovske 뚒ipendije nesofinancirane";642;460;182;-;424;294;130;-;390;268;122;-;333;229;104;-;262;170;92;-;253;159;94;-;229;150;79;-
"Gorenjska";"굢ipendije - SKUPAJ";"Dr료vne 뚒ipendije";2828;1130;1698;-;3417;1444;1973;-;3762;1591;2171;-;4717;2057;2660;-;2026;786;1240;-;2004;789;1215;-;4006;1781;2225;-
"Gorenjska";"굢ipendije - SKUPAJ";"Zoisove 뚒ipendije";1364;540;824;-;1433;550;883;-;1334;493;841;-;1301;484;817;-;1124;406;718;-;1054;374;680;-;911;316;595;-
"Gorenjska";"굢ipendije - SKUPAJ";"굢ipendije za Slovence v zamejstvu in po svetu";-;-;-;-;-;-;-;-;-;-;-;-;-;-;-;-;-;-;-;-;-;-;-;-;-;-;-;-
"Gorenjska";"굢ipendije - SKUPAJ";"Druge 뚒ipendije";39;22;17;-;7;4;3;-;94;39;55;-;16;9;7;-;219;84;135;-;184;68;114;2;39;21;18;-
"Gorenjska";"굢ipendije - SKUPAJ";"Neznano";-;-;-;-;-;-;-;-;-;-;-;-;-;-;-;-;-;-;-;-;-;-;-;-;-;-;-;-
"Gorenjska";"Dijaki";"Vrsta 뚒ipendije - SKUPAJ";2800;1357;1443;-;3131;1524;1607;-;3202;1552;1650;-;3659;1776;1883;-;1499;699;800;-;1425;682;743;-;3237;1551;1686;-
"Gorenjska";"Dijaki";"Kadrovske 뚒ipendije - Skupaj";374;307;67;-;305;256;49;-;253;201;52;-;216;169;47;-;201;149;52;-;192;151;41;-;146;118;28;-
"Gorenjska";"Dijaki";"Kadrovske 뚒ipendije sofinancirane posredno";66;66;-;-;44;44;-;-;28;25;3;-;37;35;2;-;32;28;4;-;30;28;2;-;19;18;1;-
"Gorenjska";"Dijaki";"Kadrovske 뚒ipendije sofinancirane neposredno";30;24;6;-;75;68;7;-;58;53;5;-;32;28;4;-;49;44;5;-;59;56;3;-;37;37;-;-
"Gorenjska";"Dijaki";"Kadrovske 뚒ipendije nesofinancirane";278;217;61;-;186;144;42;-;167;123;44;-;147;106;41;-;120;77;43;-;103;67;36;-;90;63;27;-
"Gorenjska";"Dijaki";"Dr료vne 뚒ipendije";1795;776;1019;-;2197;1020;1177;-;2337;1121;1216;-;2874;1404;1470;-;763;369;394;-;726;361;365;-;2583;1272;1311;-
"Gorenjska";"Dijaki";"Zoisove 뚒ipendije";611;262;349;-;629;248;381;-;611;229;382;-;569;203;366;-;535;181;354;-;507;170;337;-;507;160;347;-
"Gorenjska";"Dijaki";"굢ipendije za Slovence v zamejstvu in po svetu";-;-;-;-;-;-;-;-;-;-;-;-;-;-;-;-;-;-;-;-;-;-;-;-;-;-;-;-
"Gorenjska";"Dijaki";"Druge 뚒ipendije";20;12;8;-;-;-;-;-;1;1;-;-;-;-;-;-;-;-;-;-;-;-;-;-;1;1;-;-
"Gorenjska";"Dijaki";"Neznano";-;-;-;-;-;-;-;-;-;-;-;-;-;-;-;-;-;-;-;-;-;-;-;-;-;-;-;-
"Gorenjska";"굢udentje";"Vrsta 뚒ipendije - SKUPAJ";2242;950;1292;-;2409;1000;1409;-;2561;1003;1558;-;2821;1118;1703;-;2304;895;1409;-;2229;851;1376;2;2012;795;1217;-
"Gorenjska";"굢udentje";"Kadrovske 뚒ipendije - Skupaj";437;308;129;-;378;270;108;-;324;233;91;-;252;180;72;-;241;170;71;-;230;154;76;-;189;127;62;-
"Gorenjska";"굢udentje";"Kadrovske 뚒ipendije sofinancirane posredno";60;54;6;-;51;45;6;-;39;36;3;-;28;24;4;-;28;23;5;-;28;22;6;-;28;24;4;-
"Gorenjska";"굢udentje";"Kadrovske 뚒ipendije sofinancirane neposredno";13;11;2;-;89;75;14;-;62;52;10;-;38;33;5;-;71;54;17;-;52;40;12;-;22;16;6;-
"Gorenjska";"굢udentje";"Kadrovske 뚒ipendije nesofinancirane";364;243;121;-;238;150;88;-;223;145;78;-;186;123;63;-;142;93;49;-;150;92;58;-;139;87;52;-
"Gorenjska";"굢udentje";"Dr료vne 뚒ipendije";1033;354;679;-;1220;424;796;-;1421;468;953;-;1824;649;1175;-;1258;416;842;-;1272;427;845;-;1396;500;896;-
"Gorenjska";"굢udentje";"Zoisove 뚒ipendije";753;278;475;-;804;302;502;-;723;264;459;-;730;281;449;-;586;225;361;-;543;202;341;-;399;154;245;-
"Gorenjska";"굢udentje";"굢ipendije za Slovence v zamejstvu in po svetu";-;-;-;-;-;-;-;-;-;-;-;-;-;-;-;-;-;-;-;-;-;-;-;-;-;-;-;-
"Gorenjska";"굢udentje";"Druge 뚒ipendije";19;10;9;-;7;4;3;-;93;38;55;-;15;8;7;-;219;84;135;-;184;68;114;2;28;14;14;-
"Gorenjska";"굢udentje";"Neznano";-;-;-;-;-;-;-;-;-;-;-;-;-;-;-;-;-;-;-;-;-;-;-;-;-;-;-;-
"Gorenjska";"Neznano";"Vrsta 뚒ipendije - SKUPAJ";-;-;-;-;-;-;-;-;4;2;2;-;22;5;17;-;9;1;8;-;10;3;7;-;42;17;25;-
"Gorenjska";"Neznano";"Kadrovske 뚒ipendije - Skupaj";-;-;-;-;-;-;-;-;-;-;-;-;-;-;-;-;1;-;1;-;-;-;-;-;-;-;-;-
"Gorenjska";"Neznano";"Kadrovske 뚒ipendije sofinancirane posredno";-;-;-;-;-;-;-;-;-;-;-;-;-;-;-;-;-;-;-;-;-;-;-;-;-;-;-;-
"Gorenjska";"Neznano";"Kadrovske 뚒ipendije sofinancirane neposredno";-;-;-;-;-;-;-;-;-;-;-;-;-;-;-;-;1;-;1;-;-;-;-;-;-;-;-;-
"Gorenjska";"Neznano";"Kadrovske 뚒ipendije nesofinancirane";-;-;-;-;-;-;-;-;-;-;-;-;-;-;-;-;-;-;-;-;-;-;-;-;-;-;-;-
"Gorenjska";"Neznano";"Dr료vne 뚒ipendije";-;-;-;-;-;-;-;-;4;2;2;-;19;4;15;-;5;1;4;-;6;1;5;-;27;9;18;-
"Gorenjska";"Neznano";"Zoisove 뚒ipendije";-;-;-;-;-;-;-;-;-;-;-;-;2;-;2;-;3;-;3;-;4;2;2;-;5;2;3;-
"Gorenjska";"Neznano";"굢ipendije za Slovence v zamejstvu in po svetu";-;-;-;-;-;-;-;-;-;-;-;-;-;-;-;-;-;-;-;-;-;-;-;-;-;-;-;-
"Gorenjska";"Neznano";"Druge 뚒ipendije";-;-;-;-;-;-;-;-;-;-;-;-;1;1;-;-;-;-;-;-;-;-;-;-;10;6;4;-
"Gorenjska";"Neznano";"Neznano";-;-;-;-;-;-;-;-;-;-;-;-;-;-;-;-;-;-;-;-;-;-;-;-;-;-;-;-
"Notranjsko-kra뚊a";"굢ipendije - SKUPAJ";"Vrsta 뚒ipendije - SKUPAJ";1346;625;721;-;1417;644;773;-;1432;659;773;-;1682;741;941;-;978;399;579;-;882;380;502;-;1458;649;809;-
"Notranjsko-kra뚊a";"굢ipendije - SKUPAJ";"Kadrovske 뚒ipendije - Skupaj";273;224;49;-;266;212;54;-;231;180;51;-;183;131;52;-;125;91;34;-;108;81;27;-;85;59;26;-
"Notranjsko-kra뚊a";"굢ipendije - SKUPAJ";"Kadrovske 뚒ipendije sofinancirane posredno";131;125;6;-;143;130;13;-;122;114;8;-;97;86;11;-;67;59;8;-;57;49;8;-;45;38;7;-
"Notranjsko-kra뚊a";"굢ipendije - SKUPAJ";"Kadrovske 뚒ipendije sofinancirane neposredno";7;4;3;-;16;16;-;-;18;16;2;-;1;1;-;-;9;8;1;-;6;6;-;-;4;2;2;-
"Notranjsko-kra뚊a";"굢ipendije - SKUPAJ";"Kadrovske 뚒ipendije nesofinancirane";135;95;40;-;107;66;41;-;91;50;41;-;85;44;41;-;49;24;25;-;45;26;19;-;36;19;17;-
"Notranjsko-kra뚊a";"굢ipendije - SKUPAJ";"Dr료vne 뚒ipendije";737;285;452;-;821;329;492;-;894;371;523;-;1232;522;710;-;596;223;373;-;547;223;324;-;1229;538;691;-
"Notranjsko-kra뚊a";"굢ipendije - SKUPAJ";"Zoisove 뚒ipendije";335;116;219;-;330;103;227;-;287;99;188;-;261;84;177;-;214;71;143;-;198;64;134;-;134;46;88;-
"Notranjsko-kra뚊a";"굢ipendije - SKUPAJ";"굢ipendije za Slovence v zamejstvu in po svetu";-;-;-;-;-;-;-;-;-;-;-;-;1;1;-;-;-;-;-;-;-;-;-;-;1;-;1;-
"Notranjsko-kra뚊a";"굢ipendije - SKUPAJ";"Druge 뚒ipendije";1;-;1;-;-;-;-;-;20;9;11;-;5;3;2;-;43;14;29;-;29;12;17;-;9;6;3;-
"Notranjsko-kra뚊a";"굢ipendije - SKUPAJ";"Neznano";-;-;-;-;-;-;-;-;-;-;-;-;-;-;-;-;-;-;-;-;-;-;-;-;-;-;-;-
"Notranjsko-kra뚊a";"Dijaki";"Vrsta 뚒ipendije - SKUPAJ";705;371;334;-;745;386;359;-;764;373;391;-;903;461;442;-;343;175;168;-;311;158;153;-;901;441;460;-
"Notranjsko-kra뚊a";"Dijaki";"Kadrovske 뚒ipendije - Skupaj";146;123;23;-;129;117;12;-;78;63;15;-;67;60;7;-;48;45;3;-;39;37;2;-;24;22;2;-
"Notranjsko-kra뚊a";"Dijaki";"Kadrovske 뚒ipendije sofinancirane posredno";81;77;4;-;83;79;4;-;42;36;6;-;46;44;2;-;35;34;1;-;27;26;1;-;12;11;1;-
"Notranjsko-kra뚊a";"Dijaki";"Kadrovske 뚒ipendije sofinancirane neposredno";1;1;-;-;7;7;-;-;5;4;1;-;-;-;-;-;4;3;1;-;1;1;-;-;1;1;-;-
"Notranjsko-kra뚊a";"Dijaki";"Kadrovske 뚒ipendije nesofinancirane";64;45;19;-;39;31;8;-;31;23;8;-;21;16;5;-;9;8;1;-;11;10;1;-;11;10;1;-
"Notranjsko-kra뚊a";"Dijaki";"Dr료vne 뚒ipendije";445;203;242;-;491;228;263;-;565;264;301;-;724;363;361;-;190;98;92;-;182;92;90;-;799;396;403;-
"Notranjsko-kra뚊a";"Dijaki";"Zoisove 뚒ipendije";114;45;69;-;125;41;84;-;120;45;75;-;112;38;74;-;105;32;73;-;90;29;61;-;76;21;55;-
"Notranjsko-kra뚊a";"Dijaki";"굢ipendije za Slovence v zamejstvu in po svetu";-;-;-;-;-;-;-;-;-;-;-;-;-;-;-;-;-;-;-;-;-;-;-;-;-;-;-;-
"Notranjsko-kra뚊a";"Dijaki";"Druge 뚒ipendije";-;-;-;-;-;-;-;-;1;1;-;-;-;-;-;-;-;-;-;-;-;-;-;-;2;2;-;-
"Notranjsko-kra뚊a";"Dijaki";"Neznano";-;-;-;-;-;-;-;-;-;-;-;-;-;-;-;-;-;-;-;-;-;-;-;-;-;-;-;-
"Notranjsko-kra뚊a";"굢udentje";"Vrsta 뚒ipendije - SKUPAJ";641;254;387;-;672;258;414;-;665;284;381;-;775;278;497;-;632;223;409;-;569;222;347;-;547;202;345;-
"Notranjsko-kra뚊a";"굢udentje";"Kadrovske 뚒ipendije - Skupaj";127;101;26;-;137;95;42;-;151;115;36;-;116;71;45;-;77;46;31;-;69;44;25;-;61;37;24;-
"Notranjsko-kra뚊a";"굢udentje";"Kadrovske 뚒ipendije sofinancirane posredno";50;48;2;-;60;51;9;-;78;76;2;-;51;42;9;-;32;25;7;-;30;23;7;-;33;27;6;-
"Notranjsko-kra뚊a";"굢udentje";"Kadrovske 뚒ipendije sofinancirane neposredno";6;3;3;-;9;9;-;-;13;12;1;-;1;1;-;-;5;5;-;-;5;5;-;-;3;1;2;-
"Notranjsko-kra뚊a";"굢udentje";"Kadrovske 뚒ipendije nesofinancirane";71;50;21;-;68;35;33;-;60;27;33;-;64;28;36;-;40;16;24;-;34;16;18;-;25;9;16;-
"Notranjsko-kra뚊a";"굢udentje";"Dr료vne 뚒ipendije";292;82;210;-;330;101;229;-;328;107;221;-;504;157;347;-;403;124;279;-;363;131;232;-;425;139;286;-
"Notranjsko-kra뚊a";"굢udentje";"Zoisove 뚒ipendije";221;71;150;-;205;62;143;-;167;54;113;-;149;46;103;-;109;39;70;-;108;35;73;-;58;25;33;-
"Notranjsko-kra뚊a";"굢udentje";"굢ipendije za Slovence v zamejstvu in po svetu";-;-;-;-;-;-;-;-;-;-;-;-;1;1;-;-;-;-;-;-;-;-;-;-;1;-;1;-
"Notranjsko-kra뚊a";"굢udentje";"Druge 뚒ipendije";1;-;1;-;-;-;-;-;19;8;11;-;5;3;2;-;43;14;29;-;29;12;17;-;2;1;1;-
"Notranjsko-kra뚊a";"굢udentje";"Neznano";-;-;-;-;-;-;-;-;-;-;-;-;-;-;-;-;-;-;-;-;-;-;-;-;-;-;-;-
"Notranjsko-kra뚊a";"Neznano";"Vrsta 뚒ipendije - SKUPAJ";-;-;-;-;-;-;-;-;3;2;1;-;4;2;2;-;3;1;2;-;2;-;2;-;10;6;4;-
"Notranjsko-kra뚊a";"Neznano";"Kadrovske 뚒ipendije - Skupaj";-;-;-;-;-;-;-;-;2;2;-;-;-;-;-;-;-;-;-;-;-;-;-;-;-;-;-;-
"Notranjsko-kra뚊a";"Neznano";"Kadrovske 뚒ipendije sofinancirane posredno";-;-;-;-;-;-;-;-;2;2;-;-;-;-;-;-;-;-;-;-;-;-;-;-;-;-;-;-
"Notranjsko-kra뚊a";"Neznano";"Kadrovske 뚒ipendije sofinancirane neposredno";-;-;-;-;-;-;-;-;-;-;-;-;-;-;-;-;-;-;-;-;-;-;-;-;-;-;-;-
"Notranjsko-kra뚊a";"Neznano";"Kadrovske 뚒ipendije nesofinancirane";-;-;-;-;-;-;-;-;-;-;-;-;-;-;-;-;-;-;-;-;-;-;-;-;-;-;-;-
"Notranjsko-kra뚊a";"Neznano";"Dr료vne 뚒ipendije";-;-;-;-;-;-;-;-;1;-;1;-;4;2;2;-;3;1;2;-;2;-;2;-;5;3;2;-
"Notranjsko-kra뚊a";"Neznano";"Zoisove 뚒ipendije";-;-;-;-;-;-;-;-;-;-;-;-;-;-;-;-;-;-;-;-;-;-;-;-;-;-;-;-
"Notranjsko-kra뚊a";"Neznano";"굢ipendije za Slovence v zamejstvu in po svetu";-;-;-;-;-;-;-;-;-;-;-;-;-;-;-;-;-;-;-;-;-;-;-;-;-;-;-;-
"Notranjsko-kra뚊a";"Neznano";"Druge 뚒ipendije";-;-;-;-;-;-;-;-;-;-;-;-;-;-;-;-;-;-;-;-;-;-;-;-;5;3;2;-
"Notranjsko-kra뚊a";"Neznano";"Neznano";-;-;-;-;-;-;-;-;-;-;-;-;-;-;-;-;-;-;-;-;-;-;-;-;-;-;-;-
"Gori뚊a";"굢ipendije - SKUPAJ";"Vrsta 뚒ipendije - SKUPAJ";3068;1426;1642;-;3449;1572;1877;-;3515;1549;1966;-;3971;1722;2249;-;2609;1085;1524;-;2456;1052;1401;3;3387;1494;1893;-
"Gori뚊a";"굢ipendije - SKUPAJ";"Kadrovske 뚒ipendije - Skupaj";573;416;157;-;493;386;107;-;414;301;113;-;323;227;96;-;338;275;63;-;333;271;62;-;297;242;55;-
"Gori뚊a";"굢ipendije - SKUPAJ";"Kadrovske 뚒ipendije sofinancirane posredno";141;125;16;-;130;112;18;-;124;104;20;-;129;109;20;-;157;132;25;-;184;161;23;-;152;133;19;-
"Gori뚊a";"굢ipendije - SKUPAJ";"Kadrovske 뚒ipendije sofinancirane neposredno";32;24;8;-;137;130;7;-;86;79;7;-;51;47;4;-;96;88;8;-;68;64;4;-;14;12;2;-
"Gori뚊a";"굢ipendije - SKUPAJ";"Kadrovske 뚒ipendije nesofinancirane";400;267;133;-;226;144;82;-;204;118;86;-;143;71;72;-;85;55;30;-;81;46;35;-;131;97;34;-
"Gori뚊a";"굢ipendije - SKUPAJ";"Dr료vne 뚒ipendije";1646;690;956;-;2052;874;1178;-;2208;943;1265;-;2882;1253;1629;-;1527;593;934;-;1443;575;868;-;2605;1104;1501;-
"Gori뚊a";"굢ipendije - SKUPAJ";"Zoisove 뚒ipendije";814;309;505;-;875;304;571;-;815;279;536;-;752;236;516;-;611;177;434;-;580;161;419;-;468;136;332;-
"Gori뚊a";"굢ipendije - SKUPAJ";"굢ipendije za Slovence v zamejstvu in po svetu";-;-;-;-;-;-;-;-;2;1;1;-;3;1;2;-;1;-;1;-;3;1;2;-;2;1;1;-
"Gori뚊a";"굢ipendije - SKUPAJ";"Druge 뚒ipendije";35;11;24;-;29;8;21;-;76;25;51;-;11;5;6;-;132;40;92;-;97;44;50;3;15;11;4;-
"Gori뚊a";"굢ipendije - SKUPAJ";"Neznano";-;-;-;-;-;-;-;-;-;-;-;-;-;-;-;-;-;-;-;-;-;-;-;-;-;-;-;-
"Gori뚊a";"Dijaki";"Vrsta 뚒ipendije - SKUPAJ";1527;802;725;-;1731;824;907;-;1761;836;925;-;2082;1020;1062;-;879;433;446;-;805;418;387;-;1850;883;967;-
"Gori뚊a";"Dijaki";"Kadrovske 뚒ipendije - Skupaj";238;201;37;-;150;125;25;-;147;120;27;-;139;113;26;-;148;130;18;-;146;128;18;-;115;102;13;-
"Gori뚊a";"Dijaki";"Kadrovske 뚒ipendije sofinancirane posredno";74;69;5;-;17;15;2;-;60;50;10;-;75;67;8;-;84;76;8;-;83;78;5;-;63;61;2;-
"Gori뚊a";"Dijaki";"Kadrovske 뚒ipendije sofinancirane neposredno";20;17;3;-;55;53;2;-;24;23;1;-;14;13;1;-;33;31;2;-;30;28;2;-;6;6;-;-
"Gori뚊a";"Dijaki";"Kadrovske 뚒ipendije nesofinancirane";144;115;29;-;78;57;21;-;63;47;16;-;50;33;17;-;31;23;8;-;33;22;11;-;46;35;11;-
"Gori뚊a";"Dijaki";"Dr료vne 뚒ipendije";958;456;502;-;1215;572;643;-;1264;610;654;-;1632;822;810;-;454;228;226;-;398;219;179;-;1489;707;782;-
"Gori뚊a";"Dijaki";"Zoisove 뚒ipendije";322;142;180;-;360;126;234;-;348;104;244;-;310;85;225;-;276;75;201;-;261;71;190;-;241;70;171;-
"Gori뚊a";"Dijaki";"굢ipendije za Slovence v zamejstvu in po svetu";-;-;-;-;-;-;-;-;-;-;-;-;-;-;-;-;-;-;-;-;-;-;-;-;-;-;-;-
"Gori뚊a";"Dijaki";"Druge 뚒ipendije";9;3;6;-;6;1;5;-;2;2;-;-;1;-;1;-;1;-;1;-;-;-;-;-;5;4;1;-
"Gori뚊a";"Dijaki";"Neznano";-;-;-;-;-;-;-;-;-;-;-;-;-;-;-;-;-;-;-;-;-;-;-;-;-;-;-;-
"Gori뚊a";"굢udentje";"Vrsta 뚒ipendije - SKUPAJ";1541;624;917;-;1718;748;970;-;1747;708;1039;-;1875;694;1181;-;1724;649;1075;-;1645;631;1011;3;1525;604;921;-
"Gori뚊a";"굢udentje";"Kadrovske 뚒ipendije - Skupaj";335;215;120;-;343;261;82;-;267;181;86;-;184;114;70;-;190;145;45;-;187;143;44;-;182;140;42;-
"Gori뚊a";"굢udentje";"Kadrovske 뚒ipendije sofinancirane posredno";67;56;11;-;113;97;16;-;64;54;10;-;54;42;12;-;73;56;17;-;101;83;18;-;89;72;17;-
"Gori뚊a";"굢udentje";"Kadrovske 뚒ipendije sofinancirane neposredno";12;7;5;-;82;77;5;-;62;56;6;-;37;34;3;-;63;57;6;-;38;36;2;-;8;6;2;-
"Gori뚊a";"굢udentje";"Kadrovske 뚒ipendije nesofinancirane";256;152;104;-;148;87;61;-;141;71;70;-;93;38;55;-;54;32;22;-;48;24;24;-;85;62;23;-
"Gori뚊a";"굢udentje";"Dr료vne 뚒ipendije";688;234;454;-;837;302;535;-;939;330;609;-;1239;426;813;-;1067;362;705;-;1041;354;687;-;1109;394;715;-
"Gori뚊a";"굢udentje";"Zoisove 뚒ipendije";492;167;325;-;515;178;337;-;465;173;292;-;440;149;291;-;335;102;233;-;317;89;228;-;227;66;161;-
"Gori뚊a";"굢udentje";"굢ipendije za Slovence v zamejstvu in po svetu";-;-;-;-;-;-;-;-;2;1;1;-;3;1;2;-;1;-;1;-;3;1;2;-;2;1;1;-
"Gori뚊a";"굢udentje";"Druge 뚒ipendije";26;8;18;-;23;7;16;-;74;23;51;-;9;4;5;-;131;40;91;-;97;44;50;3;5;3;2;-
"Gori뚊a";"굢udentje";"Neznano";-;-;-;-;-;-;-;-;-;-;-;-;-;-;-;-;-;-;-;-;-;-;-;-;-;-;-;-
"Gori뚊a";"Neznano";"Vrsta 뚒ipendije - SKUPAJ";-;-;-;-;-;-;-;-;7;5;2;-;14;8;6;-;6;3;3;-;6;3;3;-;12;7;5;-
"Gori뚊a";"Neznano";"Kadrovske 뚒ipendije - Skupaj";-;-;-;-;-;-;-;-;-;-;-;-;-;-;-;-;-;-;-;-;-;-;-;-;-;-;-;-
"Gori뚊a";"Neznano";"Kadrovske 뚒ipendije sofinancirane posredno";-;-;-;-;-;-;-;-;-;-;-;-;-;-;-;-;-;-;-;-;-;-;-;-;-;-;-;-
"Gori뚊a";"Neznano";"Kadrovske 뚒ipendije sofinancirane neposredno";-;-;-;-;-;-;-;-;-;-;-;-;-;-;-;-;-;-;-;-;-;-;-;-;-;-;-;-
"Gori뚊a";"Neznano";"Kadrovske 뚒ipendije nesofinancirane";-;-;-;-;-;-;-;-;-;-;-;-;-;-;-;-;-;-;-;-;-;-;-;-;-;-;-;-
"Gori뚊a";"Neznano";"Dr료vne 뚒ipendije";-;-;-;-;-;-;-;-;5;3;2;-;11;5;6;-;6;3;3;-;4;2;2;-;7;3;4;-
"Gori뚊a";"Neznano";"Zoisove 뚒ipendije";-;-;-;-;-;-;-;-;2;2;-;-;2;2;-;-;-;-;-;-;2;1;1;-;-;-;-;-
"Gori뚊a";"Neznano";"굢ipendije za Slovence v zamejstvu in po svetu";-;-;-;-;-;-;-;-;-;-;-;-;-;-;-;-;-;-;-;-;-;-;-;-;-;-;-;-
"Gori뚊a";"Neznano";"Druge 뚒ipendije";-;-;-;-;-;-;-;-;-;-;-;-;1;1;-;-;-;-;-;-;-;-;-;-;5;4;1;-
"Gori뚊a";"Neznano";"Neznano";-;-;-;-;-;-;-;-;-;-;-;-;-;-;-;-;-;-;-;-;-;-;-;-;-;-;-;-
"Obalno-kra뚊a";"굢ipendije - SKUPAJ";"Vrsta 뚒ipendije - SKUPAJ";1861;828;1033;-;2045;896;1149;-;1978;881;1097;-;2175;944;1231;-;1325;542;783;-;1243;495;747;1;1872;823;1049;-
"Obalno-kra뚊a";"굢ipendije - SKUPAJ";"Kadrovske 뚒ipendije - Skupaj";264;183;81;-;271;185;86;-;243;160;83;-;224;143;81;-;164;110;54;-;112;69;43;-;130;81;49;-
"Obalno-kra뚊a";"굢ipendije - SKUPAJ";"Kadrovske 뚒ipendije sofinancirane posredno";48;37;11;-;62;49;13;-;60;46;14;-;48;35;13;-;48;35;13;-;46;28;18;-;51;33;18;-
"Obalno-kra뚊a";"굢ipendije - SKUPAJ";"Kadrovske 뚒ipendije sofinancirane neposredno";16;13;3;-;14;11;3;-;17;14;3;-;11;8;3;-;17;13;4;-;12;10;2;-;7;6;1;-
"Obalno-kra뚊a";"굢ipendije - SKUPAJ";"Kadrovske 뚒ipendije nesofinancirane";200;133;67;-;195;125;70;-;166;100;66;-;165;100;65;-;99;62;37;-;54;31;23;-;72;42;30;-
"Obalno-kra뚊a";"굢ipendije - SKUPAJ";"Dr료vne 뚒ipendije";1087;439;648;-;1262;514;748;-;1219;520;699;-;1497;620;877;-;707;259;448;-;720;281;439;-;1450;629;821;-
"Obalno-kra뚊a";"굢ipendije - SKUPAJ";"Zoisove 뚒ipendije";487;192;295;-;500;191;309;-;456;180;276;-;441;173;268;-;347;135;212;-;323;117;206;-;265;98;167;-
"Obalno-kra뚊a";"굢ipendije - SKUPAJ";"굢ipendije za Slovence v zamejstvu in po svetu";3;-;3;-;5;1;4;-;3;-;3;-;2;-;2;-;1;-;1;-;2;1;1;-;5;3;2;-
"Obalno-kra뚊a";"굢ipendije - SKUPAJ";"Druge 뚒ipendije";20;14;6;-;7;5;2;-;57;21;36;-;11;8;3;-;106;38;68;-;86;27;58;1;22;12;10;-
"Obalno-kra뚊a";"굢ipendije - SKUPAJ";"Neznano";-;-;-;-;-;-;-;-;-;-;-;-;-;-;-;-;-;-;-;-;-;-;-;-;-;-;-;-
"Obalno-kra뚊a";"Dijaki";"Vrsta 뚒ipendije - SKUPAJ";931;448;483;-;1057;512;545;-;1019;506;513;-;1141;539;602;-;457;204;253;-;433;196;237;-;1081;503;578;-
"Obalno-kra뚊a";"Dijaki";"Kadrovske 뚒ipendije - Skupaj";98;71;27;-;107;79;28;-;112;79;33;-;87;55;32;-;77;54;23;-;44;30;14;-;41;30;11;-
"Obalno-kra뚊a";"Dijaki";"Kadrovske 뚒ipendije sofinancirane posredno";18;11;7;-;19;16;3;-;26;19;7;-;19;13;6;-;20;16;4;-;18;11;7;-;20;16;4;-
"Obalno-kra뚊a";"Dijaki";"Kadrovske 뚒ipendije sofinancirane neposredno";7;6;1;-;7;6;1;-;9;8;1;-;7;5;2;-;11;9;2;-;9;7;2;-;3;3;-;-
"Obalno-kra뚊a";"Dijaki";"Kadrovske 뚒ipendije nesofinancirane";73;54;19;-;81;57;24;-;77;52;25;-;61;37;24;-;46;29;17;-;17;12;5;-;18;11;7;-
"Obalno-kra뚊a";"Dijaki";"Dr료vne 뚒ipendije";628;288;340;-;734;349;385;-;702;348;354;-;876;414;462;-;230;94;136;-;248;115;133;-;900;423;477;-
"Obalno-kra뚊a";"Dijaki";"Zoisove 뚒ipendije";199;84;115;-;216;84;132;-;205;79;126;-;178;70;108;-;149;55;94;-;141;51;90;-;140;50;90;-
"Obalno-kra뚊a";"Dijaki";"굢ipendije za Slovence v zamejstvu in po svetu";-;-;-;-;-;-;-;-;-;-;-;-;-;-;-;-;-;-;-;-;-;-;-;-;-;-;-;-
"Obalno-kra뚊a";"Dijaki";"Druge 뚒ipendije";6;5;1;-;-;-;-;-;-;-;-;-;-;-;-;-;1;1;-;-;-;-;-;-;-;-;-;-
"Obalno-kra뚊a";"Dijaki";"Neznano";-;-;-;-;-;-;-;-;-;-;-;-;-;-;-;-;-;-;-;-;-;-;-;-;-;-;-;-
"Obalno-kra뚊a";"굢udentje";"Vrsta 뚒ipendije - SKUPAJ";930;380;550;-;988;384;604;-;954;371;583;-;1020;400;620;-;857;334;523;-;802;296;505;1;773;310;463;-
"Obalno-kra뚊a";"굢udentje";"Kadrovske 뚒ipendije - Skupaj";166;112;54;-;164;106;58;-;131;81;50;-;136;88;48;-;87;56;31;-;68;39;29;-;89;51;38;-
"Obalno-kra뚊a";"굢udentje";"Kadrovske 뚒ipendije sofinancirane posredno";30;26;4;-;43;33;10;-;34;27;7;-;29;22;7;-;28;19;9;-;28;17;11;-;31;17;14;-
"Obalno-kra뚊a";"굢udentje";"Kadrovske 뚒ipendije sofinancirane neposredno";9;7;2;-;7;5;2;-;8;6;2;-;4;3;1;-;6;4;2;-;3;3;-;-;4;3;1;-
"Obalno-kra뚊a";"굢udentje";"Kadrovske 뚒ipendije nesofinancirane";127;79;48;-;114;68;46;-;89;48;41;-;103;63;40;-;53;33;20;-;37;19;18;-;54;31;23;-
"Obalno-kra뚊a";"굢udentje";"Dr료vne 뚒ipendije";459;151;308;-;528;165;363;-;513;169;344;-;610;201;409;-;469;163;306;-;467;165;302;-;541;203;338;-
"Obalno-kra뚊a";"굢udentje";"Zoisove 뚒ipendije";288;108;180;-;284;107;177;-;250;100;150;-;261;103;158;-;195;78;117;-;179;64;115;-;123;47;76;-
"Obalno-kra뚊a";"굢udentje";"굢ipendije za Slovence v zamejstvu in po svetu";3;-;3;-;5;1;4;-;3;-;3;-;2;-;2;-;1;-;1;-;2;1;1;-;5;3;2;-
"Obalno-kra뚊a";"굢udentje";"Druge 뚒ipendije";14;9;5;-;7;5;2;-;57;21;36;-;11;8;3;-;105;37;68;-;86;27;58;1;15;6;9;-
"Obalno-kra뚊a";"굢udentje";"Neznano";-;-;-;-;-;-;-;-;-;-;-;-;-;-;-;-;-;-;-;-;-;-;-;-;-;-;-;-
"Obalno-kra뚊a";"Neznano";"Vrsta 뚒ipendije - SKUPAJ";-;-;-;-;-;-;-;-;5;4;1;-;14;5;9;-;11;4;7;-;8;3;5;-;18;10;8;-
"Obalno-kra뚊a";"Neznano";"Kadrovske 뚒ipendije - Skupaj";-;-;-;-;-;-;-;-;-;-;-;-;1;-;1;-;-;-;-;-;-;-;-;-;-;-;-;-
"Obalno-kra뚊a";"Neznano";"Kadrovske 뚒ipendije sofinancirane posredno";-;-;-;-;-;-;-;-;-;-;-;-;-;-;-;-;-;-;-;-;-;-;-;-;-;-;-;-
"Obalno-kra뚊a";"Neznano";"Kadrovske 뚒ipendije sofinancirane neposredno";-;-;-;-;-;-;-;-;-;-;-;-;-;-;-;-;-;-;-;-;-;-;-;-;-;-;-;-
"Obalno-kra뚊a";"Neznano";"Kadrovske 뚒ipendije nesofinancirane";-;-;-;-;-;-;-;-;-;-;-;-;1;-;1;-;-;-;-;-;-;-;-;-;-;-;-;-
"Obalno-kra뚊a";"Neznano";"Dr료vne 뚒ipendije";-;-;-;-;-;-;-;-;4;3;1;-;11;5;6;-;8;2;6;-;5;1;4;-;9;3;6;-
"Obalno-kra뚊a";"Neznano";"Zoisove 뚒ipendije";-;-;-;-;-;-;-;-;1;1;-;-;2;-;2;-;3;2;1;-;3;2;1;-;2;1;1;-
"Obalno-kra뚊a";"Neznano";"굢ipendije za Slovence v zamejstvu in po svetu";-;-;-;-;-;-;-;-;-;-;-;-;-;-;-;-;-;-;-;-;-;-;-;-;-;-;-;-
"Obalno-kra뚊a";"Neznano";"Druge 뚒ipendije";-;-;-;-;-;-;-;-;-;-;-;-;-;-;-;-;-;-;-;-;-;-;-;-;7;6;1;-
"Obalno-kra뚊a";"Neznano";"Neznano";-;-;-;-;-;-;-;-;-;-;-;-;-;-;-;-;-;-;-;-;-;-;-;-;-;-;-;-
"Neznano";"굢ipendije - SKUPAJ";"Vrsta 뚒ipendije - SKUPAJ";5;2;3;-;10;2;8;-;16;2;14;-;41;11;30;-;52;14;38;-;65;17;48;-;31;14;17;-
"Neznano";"굢ipendije - SKUPAJ";"Kadrovske 뚒ipendije - Skupaj";1;-;1;-;1;-;1;-;-;-;-;-;3;1;2;-;5;3;2;-;-;-;-;-;-;-;-;-
"Neznano";"굢ipendije - SKUPAJ";"Kadrovske 뚒ipendije sofinancirane posredno";1;-;1;-;1;-;1;-;-;-;-;-;-;-;-;-;2;1;1;-;-;-;-;-;-;-;-;-
"Neznano";"굢ipendije - SKUPAJ";"Kadrovske 뚒ipendije sofinancirane neposredno";-;-;-;-;-;-;-;-;-;-;-;-;-;-;-;-;3;2;1;-;-;-;-;-;-;-;-;-
"Neznano";"굢ipendije - SKUPAJ";"Kadrovske 뚒ipendije nesofinancirane";-;-;-;-;-;-;-;-;-;-;-;-;3;1;2;-;-;-;-;-;-;-;-;-;-;-;-;-
"Neznano";"굢ipendije - SKUPAJ";"Dr료vne 뚒ipendije";-;-;-;-;1;1;-;-;-;-;-;-;5;1;4;-;3;1;2;-;4;2;2;-;9;5;4;-
"Neznano";"굢ipendije - SKUPAJ";"Zoisove 뚒ipendije";-;-;-;-;1;1;-;-;2;-;2;-;8;3;5;-;4;1;3;-;5;3;2;-;6;4;2;-
"Neznano";"굢ipendije - SKUPAJ";"굢ipendije za Slovence v zamejstvu in po svetu";4;2;2;-;7;-;7;-;14;2;12;-;24;5;19;-;24;4;20;-;18;1;17;-;16;5;11;-
"Neznano";"굢ipendije - SKUPAJ";"Druge 뚒ipendije";-;-;-;-;-;-;-;-;-;-;-;-;1;1;-;-;16;5;11;-;38;11;27;-;-;-;-;-
"Neznano";"굢ipendije - SKUPAJ";"Neznano";-;-;-;-;-;-;-;-;-;-;-;-;-;-;-;-;-;-;-;-;-;-;-;-;-;-;-;-
"Neznano";"Dijaki";"Vrsta 뚒ipendije - SKUPAJ";1;-;1;-;1;1;-;-;1;-;1;-;2;-;2;-;4;3;1;-;2;1;1;-;1;-;1;-
"Neznano";"Dijaki";"Kadrovske 뚒ipendije - Skupaj";1;-;1;-;-;-;-;-;-;-;-;-;-;-;-;-;2;2;-;-;-;-;-;-;-;-;-;-
"Neznano";"Dijaki";"Kadrovske 뚒ipendije sofinancirane posredno";1;-;1;-;-;-;-;-;-;-;-;-;-;-;-;-;1;1;-;-;-;-;-;-;-;-;-;-
"Neznano";"Dijaki";"Kadrovske 뚒ipendije sofinancirane neposredno";-;-;-;-;-;-;-;-;-;-;-;-;-;-;-;-;1;1;-;-;-;-;-;-;-;-;-;-
"Neznano";"Dijaki";"Kadrovske 뚒ipendije nesofinancirane";-;-;-;-;-;-;-;-;-;-;-;-;-;-;-;-;-;-;-;-;-;-;-;-;-;-;-;-
"Neznano";"Dijaki";"Dr료vne 뚒ipendije";-;-;-;-;1;1;-;-;-;-;-;-;1;-;1;-;-;-;-;-;-;-;-;-;-;-;-;-
"Neznano";"Dijaki";"Zoisove 뚒ipendije";-;-;-;-;-;-;-;-;1;-;1;-;1;-;1;-;2;1;1;-;2;1;1;-;1;-;1;-
"Neznano";"Dijaki";"굢ipendije za Slovence v zamejstvu in po svetu";-;-;-;-;-;-;-;-;-;-;-;-;-;-;-;-;-;-;-;-;-;-;-;-;-;-;-;-
"Neznano";"Dijaki";"Druge 뚒ipendije";-;-;-;-;-;-;-;-;-;-;-;-;-;-;-;-;-;-;-;-;-;-;-;-;-;-;-;-
"Neznano";"Dijaki";"Neznano";-;-;-;-;-;-;-;-;-;-;-;-;-;-;-;-;-;-;-;-;-;-;-;-;-;-;-;-
"Neznano";"굢udentje";"Vrsta 뚒ipendije - SKUPAJ";4;2;2;-;9;1;8;-;15;2;13;-;39;11;28;-;46;10;36;-;60;13;47;-;25;10;15;-
"Neznano";"굢udentje";"Kadrovske 뚒ipendije - Skupaj";-;-;-;-;1;-;1;-;-;-;-;-;3;1;2;-;3;1;2;-;-;-;-;-;-;-;-;-
"Neznano";"굢udentje";"Kadrovske 뚒ipendije sofinancirane posredno";-;-;-;-;1;-;1;-;-;-;-;-;-;-;-;-;1;-;1;-;-;-;-;-;-;-;-;-
"Neznano";"굢udentje";"Kadrovske 뚒ipendije sofinancirane neposredno";-;-;-;-;-;-;-;-;-;-;-;-;-;-;-;-;2;1;1;-;-;-;-;-;-;-;-;-
"Neznano";"굢udentje";"Kadrovske 뚒ipendije nesofinancirane";-;-;-;-;-;-;-;-;-;-;-;-;3;1;2;-;-;-;-;-;-;-;-;-;-;-;-;-
"Neznano";"굢udentje";"Dr료vne 뚒ipendije";-;-;-;-;-;-;-;-;-;-;-;-;4;1;3;-;2;-;2;-;3;1;2;-;6;3;3;-
"Neznano";"굢udentje";"Zoisove 뚒ipendije";-;-;-;-;1;1;-;-;1;-;1;-;7;3;4;-;1;-;1;-;1;-;1;-;3;2;1;-
"Neznano";"굢udentje";"굢ipendije za Slovence v zamejstvu in po svetu";4;2;2;-;7;-;7;-;14;2;12;-;24;5;19;-;24;4;20;-;18;1;17;-;16;5;11;-
"Neznano";"굢udentje";"Druge 뚒ipendije";-;-;-;-;-;-;-;-;-;-;-;-;1;1;-;-;16;5;11;-;38;11;27;-;-;-;-;-
"Neznano";"굢udentje";"Neznano";-;-;-;-;-;-;-;-;-;-;-;-;-;-;-;-;-;-;-;-;-;-;-;-;-;-;-;-
"Neznano";"Neznano";"Vrsta 뚒ipendije - SKUPAJ";-;-;-;-;-;-;-;-;-;-;-;-;-;-;-;-;2;1;1;-;3;3;-;-;5;4;1;-
"Neznano";"Neznano";"Kadrovske 뚒ipendije - Skupaj";-;-;-;-;-;-;-;-;-;-;-;-;-;-;-;-;-;-;-;-;-;-;-;-;-;-;-;-
"Neznano";"Neznano";"Kadrovske 뚒ipendije sofinancirane posredno";-;-;-;-;-;-;-;-;-;-;-;-;-;-;-;-;-;-;-;-;-;-;-;-;-;-;-;-
"Neznano";"Neznano";"Kadrovske 뚒ipendije sofinancirane neposredno";-;-;-;-;-;-;-;-;-;-;-;-;-;-;-;-;-;-;-;-;-;-;-;-;-;-;-;-
"Neznano";"Neznano";"Kadrovske 뚒ipendije nesofinancirane";-;-;-;-;-;-;-;-;-;-;-;-;-;-;-;-;-;-;-;-;-;-;-;-;-;-;-;-
"Neznano";"Neznano";"Dr료vne 뚒ipendije";-;-;-;-;-;-;-;-;-;-;-;-;-;-;-;-;1;1;-;-;1;1;-;-;3;2;1;-
"Neznano";"Neznano";"Zoisove 뚒ipendije";-;-;-;-;-;-;-;-;-;-;-;-;-;-;-;-;1;-;1;-;2;2;-;-;2;2;-;-
"Neznano";"Neznano";"굢ipendije za Slovence v zamejstvu in po svetu";-;-;-;-;-;-;-;-;-;-;-;-;-;-;-;-;-;-;-;-;-;-;-;-;-;-;-;-
"Neznano";"Neznano";"Druge 뚒ipendije";-;-;-;-;-;-;-;-;-;-;-;-;-;-;-;-;-;-;-;-;-;-;-;-;-;-;-;-
"Neznano";"Neznano";"Neznano";-;-;-;-;-;-;-;-;-;-;-;-;-;-;-;-;-;-;-;-;-;-;-;-;-;-;-;-
